obsid,species,duration,attempts,Rinter,Rintra,Iinter,Iintra,Successes,rsa,roa,isa,ioa,Failures
001023Tin,Phleg,04:00:00,4,0,0,0,0,3,FALSE,FALSE,FALSE,FALSE,1
001023Tina,Phleg,04:00:00,4,0,0,0,0,3,FALSE,FALSE,FALSE,FALSE,1
001026Izua,M. fort,03:00:00,0,0,0,0,0,0,FALSE,FALSE,FALSE,FALSE,0
001026Izua,M. fort,03:00:00,1,0,0,0,0,1,FALSE,FALSE,FALSE,FALSE,0
001026Smaa,Phleg,04:00:00,3,0,0,0,0,0,FALSE,FALSE,FALSE,FALSE,3
001102Izua,G. sal,03:04:00,1,0,0,0,0,1,FALSE,FALSE,FALSE,FALSE,0
001102Tita,D. mer,04:00:00,2,0,0,0,0,1,FALSE,FALSE,FALSE,FALSE,1
001104Riv,M. fort,02:50:00,2,0,0,0,0,1,FALSE,FALSE,FALSE,FALSE,1
001108Izu,Rheg,03:50:00,2,0,0,0,0,2,FALSE,FALSE,FALSE,FALSE,0
001108Tita,Rheg,04:00:00,3,0,0,0,0,1,FALSE,FALSE,FALSE,FALSE,2
001110Cada,D. mer,04:00:00,1,0,0,0,1,0,FALSE,FALSE,FALSE,TRUE,1
001114Lab,Rheg,04:00:00,1,0,0,0,0,0,FALSE,FALSE,FALSE,FALSE,1
001117Izu,G. sal,04:00:00,0,0,0,0,0,0,FALSE,FALSE,FALSE,FALSE,0
001118Tin,G. sal,04:00:00,4,0,0,0,0,3,FALSE,FALSE,FALSE,FALSE,1
001124Izu,G. sal,02:50:00,1,0,0,0,0,1,FALSE,FALSE,FALSE,FALSE,0
001125Lab,Phleg,03:00:00,2,0,0,0,0,0,FALSE,FALSE,FALSE,FALSE,2
001125Lab,Phleg,03:00:00,3,0,0,0,0,0,FALSE,FALSE,FALSE,FALSE,3
001125Lab,Phleg,03:00:00,3,0,0,0,0,1,FALSE,FALSE,FALSE,FALSE,2
001125Lab,Phleg,04:00:00,4,0,0,0,0,1,FALSE,FALSE,FALSE,FALSE,3
001125Lab,D. mer,03:45:00,5,0,0,0,0,4,FALSE,FALSE,FALSE,FALSE,1
001127Edwa,Rheg,01:20:00,1,0,0,0,0,1,FALSE,FALSE,FALSE,FALSE,0
001127Edwa,Rheg,04:00:00,2,0,1,0,0,1,FALSE,TRUE,FALSE,FALSE,1
001128Edw,G. sal,01:20:00,2,0,0,0,0,0,FALSE,FALSE,FALSE,FALSE,2
001128Edw,G. sal,03:50:00,1,0,0,0,0,1,FALSE,FALSE,FALSE,FALSE,0
001128Edw,Phleg,01:50:00,2,0,0,0,0,1,FALSE,FALSE,FALSE,FALSE,1
001128Edw,G. sal,01:55:00,3,2,0,0,0,1,TRUE,FALSE,FALSE,FALSE,2
001128Edw,Rheg,04:00:00,6,0,0,0,0,5,FALSE,FALSE,FALSE,FALSE,1
001128Edwa,Rheg,01:00:00,2,0,0,0,0,0,FALSE,FALSE,FALSE,FALSE,2
001128Lab,M. fort,01:30:00,0,0,0,0,0,0,FALSE,FALSE,FALSE,FALSE,0
001128Lab,M. fort,04:00:00,0,0,0,0,0,0,FALSE,FALSE,FALSE,FALSE,0
001128Lab,G. sal,04:00:00,2,0,0,0,0,0,FALSE,FALSE,FALSE,FALSE,2
001128Lab,M. fort,02:00:00,3,0,1,0,0,3,FALSE,TRUE,FALSE,FALSE,0
001129Lab,G. sal,03:00:00,1,0,0,0,0,0,FALSE,FALSE,FALSE,FALSE,1
001129Lab,G. sal,04:00:00,2,0,0,0,0,1,FALSE,FALSE,FALSE,FALSE,1
001129Lab,Rheg,03:20:00,3,0,0,0,0,1,FALSE,FALSE,FALSE,FALSE,2
001129Lab,G. sal,04:00:00,5,0,0,0,0,3,FALSE,FALSE,FALSE,FALSE,2
001130Edw,Phleg,04:00:00,2,0,0,0,0,2,FALSE,FALSE,FALSE,FALSE,0
001130Tit,D. mer,04:00:00,0,0,0,0,0,0,FALSE,FALSE,FALSE,FALSE,0
001201Izu,G. sal,01:20:00,2,0,0,0,0,1,FALSE,FALSE,FALSE,FALSE,1
001201Izu,G. sal,04:00:00,3,0,0,0,0,1,FALSE,FALSE,FALSE,FALSE,2
001201Izu,Phleg,03:30:00,2,0,1,0,0,2,FALSE,TRUE,FALSE,FALSE,0
001201Izu,G. sal,03:30:00,7,0,0,0,0,5,FALSE,FALSE,FALSE,FALSE,2
001201Lab,D. mer,04:00:00,0,0,0,0,0,0,FALSE,FALSE,FALSE,FALSE,0
001201Lab,M. fort,01:30:00,1,0,0,0,0,1,FALSE,FALSE,FALSE,FALSE,0
001201Lab,M. fort,02:00:00,2,0,0,0,0,1,FALSE,FALSE,FALSE,FALSE,1
001201Lab,Rheg,02:05:00,2,0,0,0,0,2,FALSE,FALSE,FALSE,FALSE,0
001201Tin,Phleg,02:30:00,2,0,0,0,0,0,FALSE,FALSE,FALSE,FALSE,2
001201Tin,Phleg,04:00:00,4,0,0,0,0,1,FALSE,FALSE,FALSE,FALSE,3
001202Gna,G. sal,01:45:00,2,0,0,0,0,0,FALSE,FALSE,FALSE,FALSE,2
001202Gna,G. sal,02:30:00,2,0,0,0,0,2,FALSE,FALSE,FALSE,FALSE,0
001202Tin,Phleg,03:30:00,0,0,0,0,0,0,FALSE,FALSE,FALSE,FALSE,0
001204Edw,Rheg,01:30:00,1,0,0,0,0,1,FALSE,FALSE,FALSE,FALSE,0
001204Edw,G. sal,01:44:00,2,0,0,0,0,1,FALSE,FALSE,FALSE,FALSE,1
001204Edw,Rheg,02:00:00,2,0,0,0,0,1,FALSE,FALSE,FALSE,FALSE,1
001204Edw,Phleg,02:56:00,2,0,0,0,0,1,FALSE,FALSE,FALSE,FALSE,1
001204Edw,G. sal,01:22:00,2,0,0,0,0,2,FALSE,FALSE,FALSE,FALSE,0
001204Edw,Rheg,03:00:00,3,0,0,0,0,2,FALSE,FALSE,FALSE,FALSE,1
001204Edw,Phleg,03:40:00,4,0,0,0,0,2,FALSE,FALSE,FALSE,FALSE,2
001208Edw,Rheg,03:10:00,3,0,0,0,0,1,FALSE,FALSE,FALSE,FALSE,2
001208Edw,Rheg,01:00:00,2,0,0,0,0,2,FALSE,FALSE,FALSE,FALSE,0
001208Edw,G. sal,03:20:00,6,0,2,0,0,4,FALSE,TRUE,FALSE,FALSE,2
001209Gna,D. mer,03:10:00,0,0,0,0,0,0,FALSE,FALSE,FALSE,FALSE,0
001209Nod,G. sal,03:00:00,0,0,0,0,0,0,FALSE,FALSE,FALSE,FALSE,0
001209Nod,G. sal,04:00:00,0,0,0,0,0,0,FALSE,FALSE,FALSE,FALSE,0
001209Nod,Phleg,02:40:00,1,0,0,0,0,1,FALSE,FALSE,FALSE,FALSE,0
001213Edw,Rheg,03:00:00,3,0,0,0,0,2,FALSE,FALSE,FALSE,FALSE,1
001215Lab,Rheg,04:00:00,3,0,0,0,0,3,FALSE,FALSE,FALSE,FALSE,0
001215Stu,M. fort,01:30:00,2,0,0,0,0,2,FALSE,FALSE,FALSE,FALSE,0
001216Lab,Phleg,01:00:00,1,0,0,0,0,1,FALSE,FALSE,FALSE,FALSE,0
001216Lab,Phleg,02:00:00,2,0,0,0,0,2,FALSE,FALSE,FALSE,FALSE,0
001216Lab,Rheg,04:00:00,5,0,0,0,0,2,FALSE,FALSE,FALSE,FALSE,3
001216Tin,D. mer,01:20:00,2,0,0,0,0,1,FALSE,FALSE,FALSE,FALSE,1
001219Gna,G. sal,04:00:00,0,3,0,0,0,0,TRUE,FALSE,FALSE,FALSE,0
001219Izu,Rheg,04:00:00,3,0,0,0,0,2,FALSE,FALSE,FALSE,FALSE,1
001222Edw,Phleg,01:55:00,1,0,0,0,0,1,FALSE,FALSE,FALSE,FALSE,0
001222Izu,G. sal,01:30:00,1,0,0,0,0,0,FALSE,FALSE,FALSE,FALSE,1
001222Izu,Phleg,03:20:00,1,0,0,0,0,1,FALSE,FALSE,FALSE,FALSE,0
001223Gna,M. fort,04:00:00,1,0,0,0,0,0,FALSE,FALSE,FALSE,FALSE,1
001226Izu,D. mer,04:00:00,0,0,0,0,0,0,FALSE,FALSE,FALSE,FALSE,0
001226Izu,G. sal,02:35:00,3,0,0,0,0,3,FALSE,FALSE,FALSE,FALSE,0
001226Lab,G. sal,04:00:00,4,0,0,0,0,3,FALSE,FALSE,FALSE,FALSE,1
001226Lab,G. sal,04:00:00,5,0,0,0,0,3,FALSE,FALSE,FALSE,FALSE,2
001226Tit,Phleg,04:00:00,4,0,0,0,0,2,FALSE,FALSE,FALSE,FALSE,2
001226Tit,G. sal,01:40:00,3,0,0,0,0,3,FALSE,FALSE,FALSE,FALSE,0
001228Edw,Phleg,01:00:00,1,0,0,0,0,1,FALSE,FALSE,FALSE,FALSE,0
001228Edw,Phleg,01:30:00,1,0,0,0,0,1,FALSE,FALSE,FALSE,FALSE,0
001228Edw,D. mer,03:00:00,1,0,0,0,0,1,FALSE,FALSE,FALSE,FALSE,0
001228Edw,Phleg,02:22:00,2,0,0,0,0,2,FALSE,FALSE,FALSE,FALSE,0
001228Izu,G. sal,02:00:00,0,0,0,0,0,0,FALSE,FALSE,FALSE,FALSE,0
001228Izu,G. sal,02:00:00,3,0,0,0,0,0,FALSE,FALSE,FALSE,FALSE,3
001228Izu,G. sal,05:00:00,3,0,0,0,0,2,FALSE,FALSE,FALSE,FALSE,1
001228Tit,D. mer,04:00:00,2,0,0,0,0,2,FALSE,FALSE,FALSE,FALSE,0
001228Tit,Phleg,02:15:00,3,0,0,0,0,3,FALSE,FALSE,FALSE,FALSE,0
001228Tit,D. mer,04:00:00,5,0,0,0,0,3,FALSE,FALSE,FALSE,FALSE,2
001230Edw,Phleg,01:20:00,1,0,0,0,0,0,FALSE,FALSE,FALSE,FALSE,1
001230Edw,Phleg,01:00:00,1,0,0,0,0,1,FALSE,FALSE,FALSE,FALSE,0
001230Edw,Phleg,01:30:00,2,0,0,0,1,2,FALSE,FALSE,FALSE,TRUE,0
001230Edw,Phleg,08:20:00,6,0,0,0,0,3,FALSE,FALSE,FALSE,FALSE,3
001230Tit,Rheg,01:47:00,0,0,0,0,0,0,FALSE,FALSE,FALSE,FALSE,0
001230Tit,Rheg,01:15:00,2,0,0,0,0,0,FALSE,FALSE,FALSE,FALSE,2
010102Izu,G. sal,01:15:00,0,0,0,0,0,0,FALSE,FALSE,FALSE,FALSE,0
010102Izu,Rheg,02:00:00,3,0,0,0,0,0,FALSE,FALSE,FALSE,FALSE,3
010102Izu,M. fort,03:00:00,6,0,0,0,0,2,FALSE,FALSE,FALSE,FALSE,4
010102Let,G. sal,02:45:00,0,0,0,0,0,0,FALSE,FALSE,FALSE,FALSE,0
010102Let,G. sal,03:40:00,2,0,0,0,0,2,FALSE,FALSE,FALSE,FALSE,0
010103Edw,Phleg,01:30:00,0,0,0,0,0,0,FALSE,FALSE,FALSE,FALSE,0
010103Edw,Phleg,01:45:00,0,0,0,0,0,0,FALSE,FALSE,FALSE,FALSE,0
010103Edw,M. fort,02:00:00,0,0,0,0,0,0,FALSE,FALSE,FALSE,FALSE,0
010103Edw,Phleg,02:00:00,0,0,0,0,0,0,FALSE,FALSE,FALSE,FALSE,0
010103Edw,Phleg,02:00:00,0,0,0,0,0,0,FALSE,FALSE,FALSE,FALSE,0
010103Edw,Phleg,02:56:00,0,0,0,0,0,0,FALSE,FALSE,FALSE,FALSE,0
010103Edw,Phleg,06:30:00,3,0,0,0,0,0,FALSE,FALSE,FALSE,FALSE,3
010103Edw,Phleg,02:50:00,2,0,0,0,0,1,FALSE,FALSE,FALSE,FALSE,1
010103Edw,Phleg,03:22:00,4,0,0,0,1,4,FALSE,FALSE,FALSE,TRUE,0
010103Izu,G. sal,03:00:00,2,0,0,0,0,0,FALSE,FALSE,FALSE,FALSE,2
010103Izu,G. sal,04:00:00,2,1,0,0,0,1,TRUE,FALSE,FALSE,FALSE,1
010103Let,Phleg,01:10:00,0,0,0,0,0,0,FALSE,FALSE,FALSE,FALSE,0
010103Let,Phleg,02:00:00,0,0,0,0,0,0,FALSE,FALSE,FALSE,FALSE,0
010103Let,G. sal,04:00:00,0,0,0,0,0,0,FALSE,FALSE,FALSE,FALSE,0
010103Let,Phleg,00:00:00,1,0,0,0,0,0,FALSE,FALSE,FALSE,FALSE,1
010103Let,D. mer,04:00:00,1,0,0,0,0,1,FALSE,FALSE,FALSE,FALSE,0
010104Edw,Phleg,02:20:00,0,0,0,0,0,0,FALSE,FALSE,FALSE,FALSE,0
010104Edw,Phleg,02:30:00,0,0,0,0,0,0,FALSE,FALSE,FALSE,FALSE,0
010104Edw,Phleg,01:00:00,1,0,0,0,0,1,FALSE,FALSE,FALSE,FALSE,0
010104Edw,Phleg,02:00:00,2,0,0,0,0,1,FALSE,FALSE,FALSE,FALSE,1
010104Edw,Phleg,03:05:00,3,0,0,0,0,2,FALSE,FALSE,FALSE,FALSE,1
010104Gna,G. sal,01:20:00,1,0,0,0,0,1,FALSE,FALSE,FALSE,FALSE,0
010104Izu,M. fort,01:00:00,0,0,0,0,0,0,FALSE,FALSE,FALSE,FALSE,0
010104Lab,Rheg,01:10:00,0,0,0,0,0,0,FALSE,FALSE,FALSE,FALSE,0
010104Lab,Rheg,05:00:00,0,0,0,0,0,0,FALSE,FALSE,FALSE,FALSE,0
010104Lab,Rheg,06:30:00,0,0,0,0,0,0,FALSE,FALSE,FALSE,FALSE,0
010104Lab,Rheg,04:00:00,1,0,0,0,0,1,FALSE,FALSE,FALSE,FALSE,0
010104Nod,D. mer,01:30:00,0,0,0,0,0,0,FALSE,FALSE,FALSE,FALSE,0
010104Nod,D. mer,04:00:00,0,0,0,0,0,0,FALSE,FALSE,FALSE,FALSE,0
010104Tit,D. mer,03:00:00,3,0,0,0,0,2,FALSE,FALSE,FALSE,FALSE,1
010106Edw,D. mer,01:00:00,0,0,0,0,0,0,FALSE,FALSE,FALSE,FALSE,0
010106Edw,Phleg,02:15:00,0,0,0,0,0,0,FALSE,FALSE,FALSE,FALSE,0
010106Edw,Phleg,02:15:00,2,0,0,0,0,1,FALSE,FALSE,FALSE,FALSE,1
010106Edw,Rheg,01:45:00,2,0,0,0,0,2,FALSE,FALSE,FALSE,FALSE,0
010106Let,Phleg,04:00:00,0,0,0,0,0,0,FALSE,FALSE,FALSE,FALSE,0
010108Gna,D. mer,01:30:00,0,0,0,0,0,0,FALSE,FALSE,FALSE,FALSE,0
010108Gna,D. mer,04:00:00,1,0,0,0,0,0,FALSE,FALSE,FALSE,FALSE,1
010108Lab,Rheg,02:00:00,0,0,0,0,0,0,FALSE,FALSE,FALSE,FALSE,0
010108Lab,Rheg,01:00:00,3,0,0,0,0,1,FALSE,FALSE,FALSE,FALSE,2
010108Lab,Rheg,01:40:00,3,0,0,0,0,2,FALSE,FALSE,FALSE,FALSE,1
010108Let,D. mer,02:50:00,0,0,0,0,0,0,FALSE,FALSE,FALSE,FALSE,0
010108Let,Phleg,03:30:00,1,0,0,0,0,1,FALSE,FALSE,FALSE,FALSE,0
010109Edw,D. mer,01:40:00,0,0,0,0,0,0,FALSE,FALSE,FALSE,FALSE,0
010109Edw,D. mer,02:00:00,0,0,0,0,0,0,FALSE,FALSE,FALSE,FALSE,0
010109Edw,D. mer,01:00:00,0,0,1,0,1,0,FALSE,TRUE,FALSE,TRUE,0
010109Edw,D. mer,04:00:00,1,0,0,0,0,1,FALSE,FALSE,FALSE,FALSE,0
010109Edw,Phleg,04:00:00,1,0,0,0,0,1,FALSE,FALSE,FALSE,FALSE,0
010109Edw,Phleg,04:00:00,1,0,0,0,0,1,FALSE,FALSE,FALSE,FALSE,0
010109Edw,Phleg,04:00:00,1,0,0,0,0,1,FALSE,FALSE,FALSE,FALSE,0
010109Edw,D. mer,04:00:00,2,0,0,0,0,1,FALSE,FALSE,FALSE,FALSE,1
010109Edw,D. mer,01:50:00,2,0,0,0,1,1,FALSE,FALSE,FALSE,TRUE,1
010109Edw,Phleg,03:20:00,3,0,0,0,0,2,FALSE,FALSE,FALSE,FALSE,1
010109Edw,D. mer,01:30:00,5,0,0,0,0,4,FALSE,FALSE,FALSE,FALSE,1
010109Edw,Phleg,03:30:00,5,0,0,0,0,4,FALSE,FALSE,FALSE,FALSE,1
010109Izu,Rheg,01:30:00,1,0,0,0,0,1,FALSE,FALSE,FALSE,FALSE,0
010109Lab,D. mer,01:15:00,0,0,0,0,0,0,FALSE,FALSE,FALSE,FALSE,0
010109Let,Phleg,04:00:00,1,0,0,0,0,1,FALSE,FALSE,FALSE,FALSE,0
010109Let,G. sal,02:10:00,2,0,0,0,0,2,FALSE,FALSE,FALSE,FALSE,0
010110Edw,Rheg,01:50:00,2,0,0,0,0,1,FALSE,FALSE,FALSE,FALSE,1
010110Lab,G. sal,04:00:00,0,0,0,0,0,0,FALSE,FALSE,FALSE,FALSE,0
010110Lab,M. fort,03:00:00,1,0,0,0,0,0,FALSE,FALSE,FALSE,FALSE,1
010111Edw,G. sal,01:15:00,1,0,0,0,0,0,FALSE,FALSE,FALSE,FALSE,1
010111Edw,D. mer,02:30:00,1,1,0,0,0,0,TRUE,FALSE,FALSE,FALSE,1
010111Edw,Phleg,04:40:00,3,0,0,0,0,1,FALSE,FALSE,FALSE,FALSE,2
010111Lab,M. fort,03:30:00,5,0,0,1,0,3,FALSE,FALSE,TRUE,FALSE,2
010111Let,D. mer,04:00:00,2,0,0,0,0,2,FALSE,FALSE,FALSE,FALSE,0
010112Edw,D. mer,01:45:00,0,0,0,0,0,0,FALSE,FALSE,FALSE,FALSE,0
010112Edw,G. sal,02:30:00,0,0,0,0,0,0,FALSE,FALSE,FALSE,FALSE,0
010112Lab,G. sal,02:00:00,2,0,0,0,0,0,FALSE,FALSE,FALSE,FALSE,2
010112Lab,Rheg,02:30:00,2,0,0,0,0,0,FALSE,FALSE,FALSE,FALSE,2
010112Lab,G. sal,03:00:00,1,0,0,0,0,1,FALSE,FALSE,FALSE,FALSE,0
010112Lab,G. sal,02:50:00,4,0,0,0,0,2,FALSE,FALSE,FALSE,FALSE,2
010112Lab,Rheg,04:30:00,4,0,0,0,0,2,FALSE,FALSE,FALSE,FALSE,2
010113Let,D. mer,04:00:00,0,0,0,0,0,0,FALSE,FALSE,FALSE,FALSE,0
010115Izu,Rheg,02:20:00,1,0,0,0,0,0,FALSE,FALSE,FALSE,FALSE,1
010115Lab,Phleg,03:15:00,0,0,0,0,0,0,FALSE,FALSE,FALSE,FALSE,0
010115Lab,Phleg,03:15:00,1,0,0,0,0,0,FALSE,FALSE,FALSE,FALSE,1
010115Lab,M. fort,04:00:00,2,1,0,0,0,1,TRUE,FALSE,FALSE,FALSE,1
010115Lab,Phleg,04:00:00,3,0,0,0,0,2,FALSE,FALSE,FALSE,FALSE,1
010115Lab,Phleg,01:30:00,4,0,0,0,0,4,FALSE,FALSE,FALSE,FALSE,0
010115Lab,Phleg,03:15:00,5,0,0,0,0,4,FALSE,FALSE,FALSE,FALSE,1
010115Tit,G. sal,01:15:00,0,0,0,0,0,0,FALSE,FALSE,FALSE,FALSE,0
010115Tit,D. mer,04:00:00,0,0,0,0,0,0,FALSE,FALSE,FALSE,FALSE,0
010115Tit,D. mer,04:00:00,1,0,0,0,0,1,FALSE,FALSE,FALSE,FALSE,0
010115Tit,G. sal,04:00:00,3,0,0,0,0,3,FALSE,FALSE,FALSE,FALSE,0
010117Lab,Rheg,04:00:00,1,0,0,0,0,1,FALSE,FALSE,FALSE,FALSE,0
010117Lab,Rheg,04:00:00,5,0,0,0,0,4,FALSE,FALSE,FALSE,FALSE,1
010117Lab,Rheg,03:50:00,8,0,0,0,0,7,FALSE,FALSE,FALSE,FALSE,1
010117Stu,Phleg,02:50:00,2,0,0,0,0,1,FALSE,FALSE,FALSE,FALSE,1
010117Stu,M. fort,03:00:00,5,0,0,0,0,3,FALSE,FALSE,FALSE,FALSE,2
010117Tit,D. mer,02:00:00,0,0,0,0,0,0,FALSE,FALSE,FALSE,FALSE,0
010117Tit,G. sal,03:30:00,0,0,0,0,0,0,FALSE,FALSE,FALSE,FALSE,0
010117Tit,Phleg,02:40:00,3,0,0,0,0,3,FALSE,FALSE,FALSE,FALSE,0
010118Lab,D. mer,02:00:00,2,0,0,0,0,2,FALSE,FALSE,FALSE,FALSE,0
010118Tit,Phleg,02:10:00,0,0,0,0,0,0,FALSE,FALSE,FALSE,FALSE,0
010118Tit,D. mer,04:00:00,0,0,0,0,0,0,FALSE,FALSE,FALSE,FALSE,0
010118Tit,G. sal,01:00:00,1,0,0,0,0,1,FALSE,FALSE,FALSE,FALSE,0
010118Tit,Phleg,01:41:00,1,0,0,0,0,1,FALSE,FALSE,FALSE,FALSE,0
010118Tit,Phleg,01:20:00,2,0,0,0,0,2,FALSE,FALSE,FALSE,FALSE,0
010118Tit,D. mer,04:00:00,7,0,0,0,0,4,FALSE,FALSE,FALSE,FALSE,3
010119Lab,D. mer,01:00:00,0,0,0,0,0,0,FALSE,FALSE,FALSE,FALSE,0
010119Lab,D. mer,01:50:00,0,0,0,0,0,0,FALSE,FALSE,FALSE,FALSE,0
010119Lab,D. mer,04:00:00,1,0,0,0,0,0,FALSE,FALSE,FALSE,FALSE,1
010119Lab,D. mer,02:20:00,2,0,0,0,0,1,FALSE,FALSE,FALSE,FALSE,1
010119Lab,D. mer,02:40:00,1,0,1,0,0,1,FALSE,TRUE,FALSE,FALSE,0
010119Lab,M. fort,01:30:00,2,0,0,0,0,2,FALSE,FALSE,FALSE,FALSE,0
010119Lab,D. mer,01:40:00,2,0,0,0,0,2,FALSE,FALSE,FALSE,FALSE,0
010119Lab,D. mer,03:20:00,5,0,0,0,0,2,FALSE,FALSE,FALSE,FALSE,3
010122Tit,G. sal,02:10:00,2,0,0,0,0,1,FALSE,FALSE,FALSE,FALSE,1
010123Lab,M. fort,01:20:00,0,0,0,0,0,0,FALSE,FALSE,FALSE,FALSE,0
010123Lab,M. fort,01:50:00,0,0,0,0,0,0,FALSE,FALSE,FALSE,FALSE,0
010123Lab,Phleg,03:40:00,2,0,0,0,0,0,FALSE,FALSE,FALSE,FALSE,2
010123Lab,Phleg,01:10:00,1,0,0,0,0,1,FALSE,FALSE,FALSE,FALSE,0
010123Lab,G. sal,02:20:00,1,0,0,0,0,1,FALSE,FALSE,FALSE,FALSE,0
010123Lab,Phleg,01:40:00,2,0,0,0,0,1,FALSE,FALSE,FALSE,FALSE,1
010123Lab,Rheg,02:00:00,1,0,2,0,0,1,FALSE,TRUE,FALSE,FALSE,0
010123Lab,M. fort,02:50:00,2,0,0,0,0,2,FALSE,FALSE,FALSE,FALSE,0
010123Lab,Phleg,04:00:00,4,0,0,0,0,3,FALSE,FALSE,FALSE,FALSE,1
010123Lab,Phleg,03:40:00,3,0,0,1,0,3,FALSE,FALSE,TRUE,FALSE,0
010123Tit,M. fort,01:00:00,0,0,0,0,0,0,FALSE,FALSE,FALSE,FALSE,0
010123Tit,Rheg,03:00:00,0,0,0,0,0,0,FALSE,FALSE,FALSE,FALSE,0
010123Tit,D. mer,04:00:00,2,0,0,0,0,0,FALSE,FALSE,FALSE,FALSE,2
010123Tit,D. mer,05:00:00,3,0,0,0,0,0,FALSE,FALSE,FALSE,FALSE,3
010123Tit,Rheg,01:28:00,1,0,0,0,0,1,FALSE,FALSE,FALSE,FALSE,0
010123Tit,D. mer,02:15:00,3,0,0,0,0,1,FALSE,FALSE,FALSE,FALSE,2
010124Izu,Phleg,01:50:00,0,0,0,0,0,0,FALSE,FALSE,FALSE,FALSE,0
010124Izu,D. mer,02:00:00,1,0,0,0,0,1,FALSE,FALSE,FALSE,FALSE,0
010124Izu,Phleg,03:30:00,2,0,0,0,0,1,FALSE,FALSE,FALSE,FALSE,1
010124Izu,D. mer,04:00:00,2,0,0,0,0,1,FALSE,FALSE,FALSE,FALSE,1
010124Tit,M. fort,01:15:00,0,0,0,0,0,0,FALSE,FALSE,FALSE,FALSE,0
010124Tit,G. sal,01:20:00,0,0,0,0,0,0,FALSE,FALSE,FALSE,FALSE,0
010124Tit,Rheg,04:00:00,0,0,0,0,0,0,FALSE,FALSE,FALSE,FALSE,0
010124Tit,D. mer,01:05:00,1,0,0,0,0,1,FALSE,FALSE,FALSE,FALSE,0
010124Tit,D. mer,03:50:00,3,0,0,0,0,2,FALSE,FALSE,FALSE,FALSE,1
010124Tit,M. fort,01:30:00,4,0,0,0,0,4,FALSE,FALSE,FALSE,FALSE,0
010125Lab,Phleg,03:00:00,0,0,0,0,0,0,FALSE,FALSE,FALSE,FALSE,0
010125Lab,Phleg,05:00:00,1,0,0,0,0,1,FALSE,FALSE,FALSE,FALSE,0
010125Lab,Phleg,05:00:00,8,0,0,0,0,2,FALSE,FALSE,FALSE,FALSE,6
010125Tit,G. sal,04:00:00,1,0,0,0,0,0,FALSE,FALSE,FALSE,FALSE,1
010125Tit,Rheg,02:35:00,2,0,0,0,0,0,FALSE,FALSE,FALSE,FALSE,2
010125Tit,G. sal,02:10:00,1,0,0,0,0,1,FALSE,FALSE,FALSE,FALSE,0
010125Tit,Phleg,02:10:00,1,0,0,0,0,1,FALSE,FALSE,FALSE,FALSE,0
010125Tit,G. sal,02:40:00,1,0,0,0,0,1,FALSE,FALSE,FALSE,FALSE,0
010125Tit,Rheg,04:00:00,1,0,0,0,0,1,FALSE,FALSE,FALSE,FALSE,0
010125Tit,G. sal,02:10:00,3,0,0,0,0,3,FALSE,FALSE,FALSE,FALSE,0
010126Izu,Phleg,02:10:00,0,0,0,0,0,0,FALSE,FALSE,FALSE,FALSE,0
010126Izu,D. mer,03:00:00,0,0,0,0,0,0,FALSE,FALSE,FALSE,FALSE,0
010126Izu,D. mer,01:10:00,0,0,1,0,0,0,FALSE,TRUE,FALSE,FALSE,0
010126Izu,D. mer,04:00:00,0,0,1,0,0,0,FALSE,TRUE,FALSE,FALSE,0
010126Izu,D. mer,02:30:00,1,0,0,0,0,1,FALSE,FALSE,FALSE,FALSE,0
010126Izu,D. mer,04:00:00,1,0,1,0,0,1,FALSE,TRUE,FALSE,FALSE,0
010126Izu,D. mer,04:00:00,2,0,0,0,0,2,FALSE,FALSE,FALSE,FALSE,0
010126Izu,M. fort,01:00:00,3,0,0,0,0,2,FALSE,FALSE,FALSE,FALSE,1
010126Izu,D. mer,04:00:00,3,0,0,0,0,2,FALSE,FALSE,FALSE,FALSE,1
010126Izu,M. fort,01:50:00,4,0,0,0,0,2,FALSE,FALSE,FALSE,FALSE,2
010126Izu,D. mer,04:00:00,5,0,1,0,0,4,FALSE,TRUE,FALSE,FALSE,1
010127Lab,D. mer,01:30:00,0,0,0,0,0,0,FALSE,FALSE,FALSE,FALSE,0
010127Lab,D. mer,05:00:00,3,0,0,0,0,0,FALSE,FALSE,FALSE,FALSE,3
010129Izu,Rheg,01:53:00,0,0,0,0,0,0,FALSE,FALSE,FALSE,FALSE,0
010129Izu,G. sal,04:00:00,0,0,0,0,0,0,FALSE,FALSE,FALSE,FALSE,0
010129Izu,D. mer,04:45:00,0,0,0,0,0,0,FALSE,FALSE,FALSE,FALSE,0
010129Izu,D. mer,05:00:00,0,0,0,0,0,0,FALSE,FALSE,FALSE,FALSE,0
010129Izu,D. mer,05:00:00,0,0,0,0,0,0,FALSE,FALSE,FALSE,FALSE,0
010129Izu,Rheg,01:00:00,1,0,0,0,0,0,FALSE,FALSE,FALSE,FALSE,1
010129Izu,G. sal,01:30:00,1,0,0,0,0,0,FALSE,FALSE,FALSE,FALSE,1
010129Izu,D. mer,04:00:00,1,0,0,0,0,0,FALSE,FALSE,FALSE,FALSE,1
010129Izu,M. fort,04:45:00,1,0,0,0,0,0,FALSE,FALSE,FALSE,FALSE,1
010129Izu,D. mer,02:00:00,4,0,0,0,0,0,FALSE,FALSE,FALSE,FALSE,4
010129Izu,Rheg,04:20:00,4,0,0,0,0,0,FALSE,FALSE,FALSE,FALSE,4
010129Izu,D. mer,02:20:00,0,2,0,0,0,0,TRUE,FALSE,FALSE,FALSE,0
010129Izu,M. fort,01:29:00,1,0,0,0,0,1,FALSE,FALSE,FALSE,FALSE,0
010129Izu,D. mer,01:30:00,1,0,0,0,1,1,FALSE,FALSE,FALSE,TRUE,0
010129Izu,D. mer,03:10:00,2,0,0,0,0,2,FALSE,FALSE,FALSE,FALSE,0
010129Izu,D. mer,04:00:00,4,0,0,0,0,2,FALSE,FALSE,FALSE,FALSE,2
010130Let,G. sal,02:40:00,1,0,0,0,0,0,FALSE,FALSE,FALSE,FALSE,1
010130Let,G. sal,03:20:00,2,0,0,0,0,1,FALSE,FALSE,FALSE,FALSE,1
010130Stu,D. mer,01:00:00,0,0,0,0,0,0,FALSE,FALSE,FALSE,FALSE,0
010130Stu,D. mer,02:00:00,1,0,0,0,0,1,FALSE,FALSE,FALSE,FALSE,0
010131Let,Phleg,01:45:00,0,0,0,0,0,0,FALSE,FALSE,FALSE,FALSE,0
010131Let,Phleg,03:30:00,0,0,0,0,0,0,FALSE,FALSE,FALSE,FALSE,0
010131Let,Phleg,04:00:00,1,0,0,0,0,0,FALSE,FALSE,FALSE,FALSE,1
010131Let,Phleg,04:00:00,5,0,0,0,0,2,FALSE,FALSE,FALSE,FALSE,3
010131Let,G. sal,04:00:00,6,0,0,0,0,4,FALSE,FALSE,FALSE,FALSE,2
010131Stu,D. mer,01:00:00,0,0,0,0,0,0,FALSE,FALSE,FALSE,FALSE,0
010131Stu,D. mer,01:10:00,0,0,0,0,0,0,FALSE,FALSE,FALSE,FALSE,0
010131Stu,Phleg,02:40:00,0,0,0,0,0,0,FALSE,FALSE,FALSE,FALSE,0
010131Stu,D. mer,02:45:00,3,0,0,0,0,0,FALSE,FALSE,FALSE,FALSE,3
010131Stu,Phleg,05:00:00,3,0,0,0,0,0,FALSE,FALSE,FALSE,FALSE,3
010131Stu,D. mer,04:00:00,1,0,0,0,0,1,FALSE,FALSE,FALSE,FALSE,0
010131Stu,Phleg,04:00:00,2,0,0,0,0,1,FALSE,FALSE,FALSE,FALSE,1
010131Stu,D. mer,03:51:00,3,0,0,0,0,1,FALSE,FALSE,FALSE,FALSE,2
010131Stu,D. mer,03:40:00,1,0,1,0,0,1,FALSE,TRUE,FALSE,FALSE,0
010201Izu,Rheg,03:30:00,3,1,0,0,0,2,TRUE,FALSE,FALSE,FALSE,1
010201Stua,M. fort,02:10:00,0,0,0,0,0,0,FALSE,FALSE,FALSE,FALSE,0
010201Stua,D. mer,03:40:00,0,0,0,0,0,0,FALSE,FALSE,FALSE,FALSE,0
010201Stua,Phleg,04:00:00,0,0,0,0,0,0,FALSE,FALSE,FALSE,FALSE,0
010201Stua,D. mer,01:30:00,1,0,0,0,0,0,FALSE,FALSE,FALSE,FALSE,1
010201Stua,M. fort,02:20:00,2,0,0,0,0,1,FALSE,FALSE,FALSE,FALSE,1
010201Stua,Phleg,01:30:00,2,0,0,0,0,2,FALSE,FALSE,FALSE,FALSE,0
010201Stub,D. mer,04:00:00,0,0,0,0,0,0,FALSE,FALSE,FALSE,FALSE,0
010202Izua,Rheg,03:29:00,1,0,0,0,0,1,FALSE,FALSE,FALSE,FALSE,0
010202Izub,Rheg,04:00:00,0,0,2,0,0,0,FALSE,TRUE,FALSE,FALSE,0
010202Izub,Rheg,NA,4,0,0,0,0,2,FALSE,FALSE,FALSE,FALSE,2
010202Izub,D. mer,04:00:00,4,2,0,0,0,3,TRUE,FALSE,FALSE,FALSE,1
010202Izub,Rheg,04:00:00,4,0,0,0,1,4,FALSE,FALSE,FALSE,TRUE,0
010202Lab,Phleg,02:30:00,2,0,0,0,1,0,FALSE,FALSE,FALSE,TRUE,2
010202Lab,Phleg,04:00:00,2,0,1,0,1,0,FALSE,TRUE,FALSE,TRUE,2
010202Lab,M. fort,04:00:00,1,0,0,0,0,1,FALSE,FALSE,FALSE,FALSE,0
010202Lab,Phleg,03:00:00,3,0,0,0,0,1,FALSE,FALSE,FALSE,FALSE,2
010202Lab,Phleg,04:00:00,3,0,0,0,1,1,FALSE,FALSE,FALSE,TRUE,2
010202Lab,Phleg,04:00:00,10,0,1,0,0,6,FALSE,TRUE,FALSE,FALSE,4
010202Stua,G. sal,02:00:00,0,0,0,0,0,0,FALSE,FALSE,FALSE,FALSE,0
010203Izua,D. mer,04:00:00,0,0,0,0,0,0,FALSE,FALSE,FALSE,FALSE,0
010203Izua,Rheg,04:00:00,2,0,0,0,0,1,FALSE,FALSE,FALSE,FALSE,1
010203Izua,M. fort,04:00:00,2,0,0,0,0,2,FALSE,FALSE,FALSE,FALSE,0
010203Izua,Rheg,04:00:00,5,0,0,0,1,4,FALSE,FALSE,FALSE,TRUE,1
010203Izua,Rheg,02:20:00,8,0,0,0,0,6,FALSE,FALSE,FALSE,FALSE,2
010203Izub,Rheg,01:50:00,0,0,0,0,0,0,FALSE,FALSE,FALSE,FALSE,0
010203Izub,Rheg,02:20:00,1,0,0,0,0,1,FALSE,FALSE,FALSE,FALSE,0
010203Izub,D. mer,04:00:00,2,0,1,0,0,2,FALSE,TRUE,FALSE,FALSE,0
010203Izub,Rheg,02:40:00,3,0,1,0,0,3,FALSE,TRUE,FALSE,FALSE,0
010203Stu,D. mer,01:15:00,0,0,0,0,0,0,FALSE,FALSE,FALSE,FALSE,0
010205Izu,G. sal,03:00:00,1,0,0,0,0,1,FALSE,FALSE,FALSE,FALSE,0
010205Izu,Rheg,04:00:00,2,0,0,0,0,1,FALSE,FALSE,FALSE,FALSE,1
010205Izu,Rheg,04:00:00,3,0,0,0,1,2,FALSE,FALSE,FALSE,TRUE,1
010205Let,Phleg,03:50:00,0,0,0,0,0,0,FALSE,FALSE,FALSE,FALSE,0
010205Stu,D. mer,01:40:00,1,0,0,0,0,0,FALSE,FALSE,FALSE,FALSE,1
010205Stu,D. mer,03:20:00,1,0,0,0,0,0,FALSE,FALSE,FALSE,FALSE,1
010205Stu,G. sal,04:00:00,2,0,0,0,0,1,FALSE,FALSE,FALSE,FALSE,1
010205Stu,G. sal,01:20:00,2,0,0,0,0,2,FALSE,FALSE,FALSE,FALSE,0
010205Stu,G. sal,04:00:00,2,0,0,0,0,2,FALSE,FALSE,FALSE,FALSE,0
010206Izu,D. mer,01:10:00,0,0,0,0,0,0,FALSE,FALSE,FALSE,FALSE,0
010206Izu,Rheg,01:15:00,0,0,0,0,0,0,FALSE,FALSE,FALSE,FALSE,0
010206Izu,G. sal,01:10:00,0,1,0,0,0,0,TRUE,FALSE,FALSE,FALSE,0
010206Izu,Rheg,01:30:00,4,0,0,0,0,1,FALSE,FALSE,FALSE,FALSE,3
010206Izu,Rheg,03:00:00,3,1,0,1,0,1,TRUE,FALSE,TRUE,FALSE,2
010206Izu,D. mer,05:00:00,6,1,0,0,1,1,TRUE,FALSE,FALSE,TRUE,5
010206Izu,Rheg,03:30:00,5,0,0,1,0,3,FALSE,FALSE,TRUE,FALSE,2
010207Izu,Rheg,00:51:00,1,0,0,0,0,1,FALSE,FALSE,FALSE,FALSE,0
010207Izu,Rheg,03:39:00,3,0,2,0,0,2,FALSE,TRUE,FALSE,FALSE,1
010207Lab,M. fort,02:30:00,0,0,0,2,0,0,FALSE,FALSE,TRUE,FALSE,0
010207Lab,M. fort,03:00:00,3,0,0,0,0,3,FALSE,FALSE,FALSE,FALSE,0
010209Lab,D. mer,04:00:00,2,0,0,0,0,0,FALSE,FALSE,FALSE,FALSE,2
010210Lab,G. sal,01:00:00,1,0,0,0,0,1,FALSE,FALSE,FALSE,FALSE,0
010210Lab,G. sal,01:30:00,3,1,0,0,0,2,TRUE,FALSE,FALSE,FALSE,1
070525LabbieAM,M. fort,01:00:00,1,0,0,0,0,1,FALSE,FALSE,FALSE,FALSE,0
070525LabbieAM,M. fort,03:18:00,1,0,0,0,0,1,FALSE,FALSE,FALSE,FALSE,0
070525LabbieAM,M. fort,01:00:00,0,0,0,0,0,0,FALSE,FALSE,FALSE,FALSE,0
070225LabbieAM,M. fort,01:20:00,0,0,0,0,0,0,FALSE,FALSE,FALSE,FALSE,0
070225LabbieAM,M. fort,01:05:00,1,0,0,0,0,1,FALSE,FALSE,FALSE,FALSE,0
070529NellyAM,M. fort,02:12:00,3,0,0,0,0,2,FALSE,FALSE,FALSE,FALSE,1
070529NellyAM,M. fort,03:30:00,5,0,0,0,0,0,FALSE,FALSE,FALSE,FALSE,5
070529NellyAM,M. fort,01:38:00,2,0,0,0,0,0,FALSE,FALSE,FALSE,FALSE,2
070526KathyAM,M. fort,00:40:00,2,0,0,0,0,2,FALSE,FALSE,FALSE,FALSE,0
070526KathyAM,M. fort,01:05:00,1,0,0,0,0,1,FALSE,FALSE,FALSE,FALSE,0
070526KathyAM,M. fort,01:00:00,2,0,0,0,0,0,FALSE,FALSE,FALSE,FALSE,2
070529NellyAM,M. fort,01:00:00,1,0,0,0,0,1,FALSE,FALSE,FALSE,FALSE,0
070531LabbieAM,M. fort,00:20:00,1,0,0,1,0,1,FALSE,FALSE,TRUE,FALSE,0
070531LabbieAM,M. fort,01:34:00,3,0,0,0,0,2,FALSE,FALSE,FALSE,FALSE,1
070531LabbieAM,M. fort,01:03:00,0,0,0,0,0,0,FALSE,FALSE,FALSE,FALSE,0
070531LabbieAM,M. fort,01:36:00,0,0,0,0,0,0,FALSE,FALSE,FALSE,FALSE,0
070531LabbieAM,M. fort,01:02:00,0,0,0,0,0,0,FALSE,FALSE,FALSE,FALSE,0
070531LabbieAM,M. fort,02:02:00,3,0,0,0,0,0,FALSE,FALSE,FALSE,FALSE,3
070531LabbieAM,M. fort,01:59:00,3,0,0,0,0,1,FALSE,FALSE,FALSE,FALSE,2
070531LabbieAM,M. fort,02:13:00,3,0,0,0,0,0,FALSE,FALSE,FALSE,FALSE,3
070521JudyAM,D. mer,01:56:00,0,0,0,0,0,0,FALSE,FALSE,FALSE,FALSE,0
070522JudyAM,D. mer,01:49:00,0,1,0,0,0,0,TRUE,FALSE,FALSE,FALSE,0
070522NellyAM,D. mer,01:09:00,1,0,0,0,0,0,FALSE,FALSE,FALSE,FALSE,1
070522NellyAM,D. mer,01:45:00,1,0,0,0,0,1,FALSE,FALSE,FALSE,FALSE,0
070522NellyAM,D. mer,02:38:00,0,0,0,6,0,0,FALSE,FALSE,TRUE,FALSE,0
070522NellyAM,D. mer,02:16:00,2,0,0,0,1,1,FALSE,FALSE,FALSE,TRUE,1
070522NellyAM,D. mer,01:14:00,2,0,0,1,0,1,FALSE,FALSE,TRUE,FALSE,1
070524ChrisAM,D. mer,03:18:00,2,0,0,0,0,2,FALSE,FALSE,FALSE,FALSE,0
070524ChrisAM,D. mer,01:09:00,0,0,0,0,0,0,FALSE,FALSE,FALSE,FALSE,0
070522JudyAM,D. mer,02:30:00,2,0,0,0,0,2,FALSE,FALSE,FALSE,FALSE,0
070524ChrisAM,D. mer,01:20:00,4,0,0,0,0,2,FALSE,FALSE,FALSE,FALSE,2
070524ChrisAM,D. mer,02:30:00,3,0,0,0,0,2,FALSE,FALSE,FALSE,FALSE,1
070524ChrisAM,D. mer,02:41:00,5,0,1,0,0,0,FALSE,TRUE,FALSE,FALSE,5
070524ChrisAM,D. mer,02:14:00,6,0,0,1,0,3,FALSE,FALSE,TRUE,FALSE,3
070524ChrisAM,D. mer,01:03:00,1,0,0,0,0,0,FALSE,FALSE,FALSE,FALSE,1
070524ChrisAM,D. mer,02:54:00,0,0,0,1,0,0,FALSE,FALSE,TRUE,FALSE,0
070524ChrisAM,D. mer,05:30:00,6,0,0,0,0,1,FALSE,FALSE,FALSE,FALSE,5
070524ChrisPM,D. mer,02:34:00,2,0,0,0,1,2,FALSE,FALSE,FALSE,TRUE,0
070524ChrisPM,D. mer,02:28:00,2,0,0,0,0,0,FALSE,FALSE,FALSE,FALSE,2
070524ChrisPM,D. mer,02:22:00,2,1,0,0,0,0,TRUE,FALSE,FALSE,FALSE,2
070524ChrisPM,D. mer,03:00:00,2,0,0,0,0,2,FALSE,FALSE,FALSE,FALSE,0
070528JudyAM,D. mer,03:23:00,2,0,0,0,0,1,FALSE,FALSE,FALSE,FALSE,1
070528JudyAM,D. mer,03:27:00,2,0,0,0,0,2,FALSE,FALSE,FALSE,FALSE,0
070528JudyAM,D. mer,02:53:00,0,0,0,0,0,0,FALSE,FALSE,FALSE,FALSE,0
070528JudyAM,D. mer,02:15:00,1,0,0,0,0,1,FALSE,FALSE,FALSE,FALSE,0
070528JudyAM,D. mer,02:00:00,0,0,0,0,0,0,FALSE,FALSE,FALSE,FALSE,0
070528JudyAM,D. mer,03:00:00,2,0,1,0,0,1,FALSE,TRUE,FALSE,FALSE,1
070528JudyAM,D. mer,01:20:00,2,0,1,0,0,1,FALSE,TRUE,FALSE,FALSE,1
070528JudyAM,D. mer,02:08:00,1,0,1,0,0,1,FALSE,TRUE,FALSE,FALSE,0
070528JudyAM,D. mer,01:43:00,2,0,1,0,0,1,FALSE,TRUE,FALSE,FALSE,1
070528JudyAM,D. mer,04:00:00,1,0,0,0,0,1,FALSE,FALSE,FALSE,FALSE,0
070528JudyPM,D. mer,01:28:00,0,0,0,0,0,0,FALSE,FALSE,FALSE,FALSE,0
070528JudyPM,D. mer,01:41:00,0,0,0,0,0,0,FALSE,FALSE,FALSE,FALSE,0
070528JudyPM,D. mer,01:57:00,1,1,0,1,0,1,TRUE,FALSE,TRUE,FALSE,0
070529NellyAM,D. mer,04:35:00,0,0,0,0,0,0,FALSE,FALSE,FALSE,FALSE,0
070529NellyAM,D. mer,01:39:00,1,0,0,0,0,1,FALSE,FALSE,FALSE,FALSE,0
070525KathyAM,D. mer,04:47:00,5,0,1,0,2,4,FALSE,TRUE,FALSE,TRUE,1
070525KathyAM,D. mer,03:59:00,4,0,0,0,0,4,FALSE,FALSE,FALSE,FALSE,0
070529NellyAM,D. mer,01:15:00,0,0,0,0,0,0,FALSE,FALSE,FALSE,FALSE,0
070531NellyAM,D. mer,02:02:00,2,0,0,0,0,2,FALSE,FALSE,FALSE,FALSE,0
070531NellyAM,D. mer,03:43:00,5,0,0,0,0,3,FALSE,FALSE,FALSE,FALSE,2
070531NellyAM,D. mer,01:23:00,2,0,0,0,0,1,FALSE,FALSE,FALSE,FALSE,1
070531NellyAM,D. mer,03:02:00,2,0,1,0,0,1,FALSE,TRUE,FALSE,FALSE,1
070531NellyAM,D. mer,01:54:00,3,0,0,0,0,2,FALSE,FALSE,FALSE,FALSE,1
070531NellyAM,D. mer,02:14:00,3,0,1,0,0,1,FALSE,TRUE,FALSE,FALSE,2
070531NellyAM,D. mer,03:58:00,3,0,1,0,0,1,FALSE,TRUE,FALSE,FALSE,2
070531NellyAM,D. mer,02:40:00,2,0,1,0,1,0,FALSE,TRUE,FALSE,TRUE,2
070531NellyAM,D. mer,04:41:00,15,0,0,0,0,13,FALSE,FALSE,FALSE,FALSE,2
070531NellyAM,D. mer,02:30:00,2,0,0,0,0,2,FALSE,FALSE,FALSE,FALSE,0
070531NellyAM,D. mer,01:48:00,1,0,0,0,0,1,FALSE,FALSE,FALSE,FALSE,0
070531NellyAM,D. mer,01:35:00,0,0,0,0,0,0,FALSE,FALSE,FALSE,FALSE,0
070531NellyAM,D. mer,01:02:00,0,0,1,0,1,0,FALSE,TRUE,FALSE,TRUE,0
070601KathyAM,D. mer,02:36:00,3,1,0,0,0,1,TRUE,FALSE,FALSE,FALSE,2
070601KathyPM,D. mer,01:03:00,1,0,0,0,0,1,FALSE,FALSE,FALSE,FALSE,0
070602JudyAM,D. mer,01:03:00,0,0,0,0,0,0,FALSE,FALSE,FALSE,FALSE,0
070602JudyAM,D. mer,01:06:00,1,0,0,0,0,1,FALSE,FALSE,FALSE,FALSE,0
070604KathyAM,D. mer,03:10:00,6,0,0,0,0,2,FALSE,FALSE,FALSE,FALSE,4
070604KathyAM,D. mer,02:24:00,2,1,0,0,0,0,TRUE,FALSE,FALSE,FALSE,2
070604KathyAM,D. mer,02:46:00,2,0,0,0,0,1,FALSE,FALSE,FALSE,FALSE,1
070604KathyAM,D. mer,01:12:00,2,0,0,0,0,1,FALSE,FALSE,FALSE,FALSE,1
070604KathyAM,D. mer,01:54:00,1,0,0,0,0,1,FALSE,FALSE,FALSE,FALSE,0
070604KathyAM,D. mer,01:46:00,0,0,0,0,0,0,FALSE,FALSE,FALSE,FALSE,0
070602JudyAM,D. mer,01:00:00,0,0,0,0,0,0,FALSE,FALSE,FALSE,FALSE,0
070602JudyAM,D. mer,01:23:00,1,0,0,0,0,0,FALSE,FALSE,FALSE,FALSE,1
070602JudyAM,D. mer,00:43:00,0,1,0,0,1,0,TRUE,FALSE,FALSE,TRUE,0
070604KathyAM,D. mer,01:12:00,1,0,0,0,0,1,FALSE,FALSE,FALSE,FALSE,0
070604KathyAM,D. mer,02:22:00,1,1,0,0,0,1,TRUE,FALSE,FALSE,FALSE,0
070517JudyAM,Rheg,00:55:00,2,0,0,0,0,2,FALSE,FALSE,FALSE,FALSE,0
070521JudyAM,Rheg,02:55:00,4,0,0,0,0,1,FALSE,FALSE,FALSE,FALSE,3
070521JudyAM,Rheg,05:35:00,3,0,0,0,0,2,FALSE,FALSE,FALSE,FALSE,1
070522JudyAM,Rheg,01:22:00,2,0,0,0,0,0,FALSE,FALSE,FALSE,FALSE,2
070522JudyAM,Rheg,03:07:00,5,0,0,0,0,3,FALSE,FALSE,FALSE,FALSE,2
070522JudyAM,Rheg,02:00:00,6,0,0,0,0,4,FALSE,FALSE,FALSE,FALSE,2
070522JudyAM,Rheg,01:15:00,2,0,1,0,0,2,FALSE,TRUE,FALSE,FALSE,0
070522JudyAM,Rheg,03:31:00,6,0,0,0,0,5,FALSE,FALSE,FALSE,FALSE,1
070606ChrisPM,M. fort,02:23:00,4,0,0,0,0,1,FALSE,FALSE,FALSE,FALSE,3
070606ChrisPM,M. fort,01:03:00,0,0,0,1,0,0,FALSE,FALSE,TRUE,FALSE,0
070605JudyPM,D. mer,02:10:00,2,0,0,0,0,1,FALSE,FALSE,FALSE,FALSE,1
070606NellyAM,D. mer,01:05:00,1,1,0,0,0,1,TRUE,FALSE,FALSE,FALSE,0
070606NellyAM,D. mer,01:03:00,1,0,0,0,0,1,FALSE,FALSE,FALSE,FALSE,0
070606NellyAM,D. mer,01:31:00,0,0,0,0,0,0,FALSE,FALSE,FALSE,FALSE,0
070606NellyAM,D. mer,01:43:00,1,0,0,0,0,1,FALSE,FALSE,FALSE,FALSE,0
070606NellyAM,D. mer,01:10:00,0,0,0,0,0,0,FALSE,FALSE,FALSE,FALSE,0
070606NellyAM,D. mer,01:13:00,2,1,0,0,0,1,TRUE,FALSE,FALSE,FALSE,1
070606ChrisAM,D. mer,01:18:00,1,0,0,0,0,1,FALSE,FALSE,FALSE,FALSE,0
070606JudyPM,D. mer,02:58:00,3,1,0,0,1,2,TRUE,FALSE,FALSE,TRUE,1
070606JudyPM,D. mer,02:07:00,0,0,1,0,0,0,FALSE,TRUE,FALSE,FALSE,0
070606JudyPM,D. mer,01:46:00,0,1,0,0,0,0,TRUE,FALSE,FALSE,FALSE,0
070607Eliana AM,D. mer,03:09:00,1,0,0,0,0,1,FALSE,FALSE,FALSE,FALSE,0
070607ElianaAM,D. mer,01:03:00,4,0,0,0,0,4,FALSE,FALSE,FALSE,FALSE,0
070607ElianaAM,D. mer,01:15:00,0,0,1,0,1,0,FALSE,TRUE,FALSE,TRUE,0
070606ChrisAM,D. mer,01:24:00,1,1,0,0,0,0,TRUE,FALSE,FALSE,FALSE,1
070606ChrisAM,D. mer,02:26:00,4,0,0,0,0,2,FALSE,FALSE,FALSE,FALSE,2
070606ChrisAM,D. mer,02:04:00,0,0,0,0,0,0,FALSE,FALSE,FALSE,FALSE,0
070523Judy,Rheg,01:27:00,4,0,0,0,1,2,FALSE,FALSE,FALSE,TRUE,2
070523Judy,Rheg,02:54:00,3,0,0,0,0,2,FALSE,FALSE,FALSE,FALSE,1
070523Judy,Rheg,01:21:00,5,0,0,1,1,3,FALSE,FALSE,TRUE,TRUE,2
070523Judy,Rheg,01:00:00,2,0,2,0,0,1,FALSE,TRUE,FALSE,FALSE,1
070523Judy,Rheg,01:50:00,2,0,0,0,0,2,FALSE,FALSE,FALSE,FALSE,0
070522Judy,Rheg,02:00:00,6,0,0,0,0,4,FALSE,FALSE,FALSE,FALSE,2
070525Gayatri,Rheg,02:29:00,2,0,0,0,0,1,FALSE,FALSE,FALSE,FALSE,1
070525Gayatri,Rheg,02:52:00,4,0,0,0,0,4,FALSE,FALSE,FALSE,FALSE,0
070523Gayatri,Rheg,04:11:00,19,0,0,0,0,8,FALSE,FALSE,FALSE,FALSE,11
070523Gayatri,Rheg,01:57:00,1,0,1,0,0,0,FALSE,TRUE,FALSE,FALSE,1
070523Gayatri,Rheg,02:06:00,6,0,0,0,0,2,FALSE,FALSE,FALSE,FALSE,4
070523Gayatri,Rheg,01:25:00,5,0,0,0,0,1,FALSE,FALSE,FALSE,FALSE,4
070528JudyAM,Rheg,01:45:00,3,0,0,0,0,2,FALSE,FALSE,FALSE,FALSE,1
070528JudyAM,Rheg,03:30:00,3,0,0,0,0,1,FALSE,FALSE,FALSE,FALSE,2
070528JudyAM,Rheg,02:13:00,1,0,0,0,0,0,FALSE,FALSE,FALSE,FALSE,1
070523JudyAM,Rheg,06:15:00,9,0,0,0,1,3,FALSE,FALSE,FALSE,TRUE,6
070528JudyAM,Rheg,08:59:00,14,0,0,0,0,7,FALSE,FALSE,FALSE,FALSE,7
070528JudyAM,Rheg,06:15:00,7,0,0,0,1,2,FALSE,FALSE,FALSE,TRUE,5
070528JudyPM,Rheg,02:41:00,1,0,0,0,0,1,FALSE,FALSE,FALSE,FALSE,0
070528JudyPM,Rheg,02:35:00,3,0,0,0,0,2,FALSE,FALSE,FALSE,FALSE,1
070525KathyAM,Rheg,01:07:00,1,0,0,0,0,1,FALSE,FALSE,FALSE,FALSE,0
070525KathyAM,Rheg,02:14:00,3,0,0,0,0,2,FALSE,FALSE,FALSE,FALSE,1
070525KathyAM,Rheg,01:18:00,1,1,0,0,0,1,TRUE,FALSE,FALSE,FALSE,0
070531LabbieAM,Rheg,01:20:00,2,0,1,0,0,2,FALSE,TRUE,FALSE,FALSE,0
070531LabbieAM,Rheg,01:36:00,1,0,10,0,0,0,FALSE,TRUE,FALSE,FALSE,1
070531LabbieAM,Rheg,03:17:00,1,0,0,0,0,0,FALSE,FALSE,FALSE,FALSE,1
070531LabbieAM,Rheg,02:51:00,6,0,0,0,0,3,FALSE,FALSE,FALSE,FALSE,3
070531LabbieAM,Rheg,01:28:00,1,0,1,0,0,1,FALSE,TRUE,FALSE,FALSE,0
070531LabbieAM,Rheg,02:08:00,2,0,0,0,0,2,FALSE,FALSE,FALSE,FALSE,0
070531LabbieAM,Rheg,01:25:00,1,0,0,0,0,1,FALSE,FALSE,FALSE,FALSE,0
070531LabbieAM,Rheg,01:36:00,0,0,0,0,0,0,FALSE,FALSE,FALSE,FALSE,0
070531LabbieAM,Rheg,01:15:00,2,0,0,0,0,1,FALSE,FALSE,FALSE,FALSE,1
070531LabbieAM,Rheg,01:30:00,2,0,0,0,0,2,FALSE,FALSE,FALSE,FALSE,0
070531LabbieAM,Rheg,01:22:00,6,0,0,0,0,2,FALSE,FALSE,FALSE,FALSE,4
070531LabbieAM,Rheg,02:20:00,4,1,0,0,0,1,TRUE,FALSE,FALSE,FALSE,3
070531LabbieAM,Rheg,01:58:00,5,0,0,0,0,0,FALSE,FALSE,FALSE,FALSE,5
070531LabbieAM,Rheg,01:40:00,1,0,0,0,0,1,FALSE,FALSE,FALSE,FALSE,0
070531LabbieAM,Rheg,02:06:00,1,0,0,0,0,0,FALSE,FALSE,FALSE,FALSE,1
070531LabbieAM,Rheg,03:52:00,3,0,0,0,0,0,FALSE,FALSE,FALSE,FALSE,3
070531LabbieAM,Rheg,02:48:00,2,0,0,0,0,1,FALSE,FALSE,FALSE,FALSE,1
070531LabbieAM,Rheg,01:36:00,0,0,0,0,0,0,FALSE,FALSE,FALSE,FALSE,0
070531LabbieAM,Rheg,03:30:00,4,0,0,0,0,1,FALSE,FALSE,FALSE,FALSE,3
070531LabbieAM,Rheg,02:35:00,5,0,1,0,0,4,FALSE,TRUE,FALSE,FALSE,1
070531LabbieAM,Rheg,02:14:00,5,0,0,0,0,3,FALSE,FALSE,FALSE,FALSE,2
070531LabbieAM,Rheg,01:11:00,1,0,0,0,0,1,FALSE,FALSE,FALSE,FALSE,0
070601KathyAM,Rheg,03:32:00,5,0,0,0,0,5,FALSE,FALSE,FALSE,FALSE,0
070601KathyAM,Rheg,01:05:00,3,0,1,0,1,2,FALSE,TRUE,FALSE,TRUE,1
070601KathyAM,Rheg,02:23:00,4,0,0,0,0,1,FALSE,FALSE,FALSE,FALSE,3
070601KathyAM,Rheg,05:02:00,5,0,0,0,0,0,FALSE,FALSE,FALSE,FALSE,5
070601KathyAM,Rheg,01:12:00,3,0,0,0,0,1,FALSE,FALSE,FALSE,FALSE,2
070601KathyAM,Rheg,01:08:00,1,0,0,0,0,1,FALSE,FALSE,FALSE,FALSE,0
070601KathyAM,Rheg,01:44:00,1,0,0,0,0,1,FALSE,FALSE,FALSE,FALSE,0
070601KathyAM,Rheg,03:38:00,6,2,0,0,0,4,TRUE,FALSE,FALSE,FALSE,2
070601KathyAM,Rheg,04:12:00,3,4,0,0,0,0,TRUE,FALSE,FALSE,FALSE,3
070601KathyAM,Rheg,02:23:00,1,2,0,0,0,1,TRUE,FALSE,FALSE,FALSE,0
070601KathyPM,Rheg,02:11:00,4,0,0,0,0,1,FALSE,FALSE,FALSE,FALSE,3
070601KathyPM,Rheg,01:53:00,3,0,0,0,0,3,FALSE,FALSE,FALSE,FALSE,0
070601KathyPM,Rheg,01:05:00,1,0,0,0,0,1,FALSE,FALSE,FALSE,FALSE,0
070601KathyPM,Rheg,01:43:00,0,0,0,0,0,0,FALSE,FALSE,FALSE,FALSE,0
070601KathyPM,Rheg,02:01:00,1,0,0,0,0,1,FALSE,FALSE,FALSE,FALSE,0
070602JudyAM,Rheg,01:33:00,0,0,0,0,0,0,FALSE,FALSE,FALSE,FALSE,0
070602JudyAM,Rheg,03:57:00,2,0,0,0,0,2,FALSE,FALSE,FALSE,FALSE,0
070602JudyAM,Rheg,06:00:00,3,0,0,0,0,1,FALSE,FALSE,FALSE,FALSE,2
070602JudyAM,Rheg,02:28:00,1,0,0,0,0,1,FALSE,FALSE,FALSE,FALSE,0
070602JudyAM,Rheg,01:20:00,2,0,0,0,1,0,FALSE,FALSE,FALSE,TRUE,2
070602JudyAM,Rheg,02:06:00,1,0,0,0,0,1,FALSE,FALSE,FALSE,FALSE,0
070602JudyAM,Rheg,01:58:00,1,0,0,0,0,1,FALSE,FALSE,FALSE,FALSE,0
070602JudyAM,Rheg,02:26:00,2,0,0,0,0,1,FALSE,FALSE,FALSE,FALSE,1
070604KathyAM,Rheg,01:51:00,3,0,0,0,0,2,FALSE,FALSE,FALSE,FALSE,1
070604KathyAM,Rheg,04:05:00,9,0,0,0,1,5,FALSE,FALSE,FALSE,TRUE,4
070604KathyAM,Rheg,03:10:00,2,0,0,0,0,0,FALSE,FALSE,FALSE,FALSE,2
070604KathyAM,Rheg,02:52:00,4,0,0,0,0,2,FALSE,FALSE,FALSE,FALSE,2
070602JudyAM,Rheg,01:35:00,1,0,0,0,0,1,FALSE,FALSE,FALSE,FALSE,0
070602JudyAM,Rheg,02:34:00,0,0,0,0,0,0,FALSE,FALSE,FALSE,FALSE,0
070602JudyAM,Rheg,01:24:00,1,0,0,0,0,1,FALSE,FALSE,FALSE,FALSE,0
070602JudyAM,Rheg,03:39:00,1,0,1,0,0,0,FALSE,TRUE,FALSE,FALSE,1
070602JudyAM,Rheg,02:01:00,0,0,0,0,0,0,FALSE,FALSE,FALSE,FALSE,0
070602JudyAM,Rheg,03:25:00,5,0,0,0,0,3,FALSE,FALSE,FALSE,FALSE,2
070602JudyAM,Rheg,00:56:00,0,0,1,0,0,0,FALSE,TRUE,FALSE,FALSE,0
070602JudyAM,Rheg,01:21:00,1,0,0,0,0,1,FALSE,FALSE,FALSE,FALSE,0
070602JudyAM,Rheg,02:03:00,0,0,0,0,0,0,FALSE,FALSE,FALSE,FALSE,0
070602JudyAM,Rheg,02:02:00,2,0,0,0,0,2,FALSE,FALSE,FALSE,FALSE,0
070602JudyAM,Rheg,00:44:00,1,1,0,0,0,1,TRUE,FALSE,FALSE,FALSE,0
070602JudyAM,Rheg,01:10:00,1,0,0,0,0,1,FALSE,FALSE,FALSE,FALSE,0
070602JudyAM,Rheg,01:52:00,2,0,0,0,0,1,FALSE,FALSE,FALSE,FALSE,1
070602JudyAM,Rheg,01:02:00,0,0,0,0,0,0,FALSE,FALSE,FALSE,FALSE,0
070602JudyAM,Rheg,01:00:00,0,0,0,0,0,0,FALSE,FALSE,FALSE,FALSE,0
070602JudyAM,Rheg,01:05:00,1,0,0,0,0,1,FALSE,FALSE,FALSE,FALSE,0
070604KathyAM,Rheg,01:23:00,2,0,0,0,0,0,FALSE,FALSE,FALSE,FALSE,2
070604KathyAM,Rheg,01:00:00,0,1,0,0,0,0,TRUE,FALSE,FALSE,FALSE,0
070604KathyAM,Rheg,03:22:00,6,0,0,0,0,4,FALSE,FALSE,FALSE,FALSE,2
070604KathyAM,Rheg,01:58:00,1,0,0,0,0,1,FALSE,FALSE,FALSE,FALSE,0
070604KathyAM,Rheg,01:04:00,3,0,0,0,0,2,FALSE,FALSE,FALSE,FALSE,1
070604KathyPM,Rheg,02:30:00,0,1,0,0,0,0,TRUE,FALSE,FALSE,FALSE,0
070604KathyPM,Rheg,03:13:00,5,0,0,0,0,1,FALSE,FALSE,FALSE,FALSE,4
070604KathyPM,Rheg,01:13:00,2,0,3,0,0,1,FALSE,TRUE,FALSE,FALSE,1
070604KathyPM,Rheg,01:25:00,1,0,0,0,0,1,FALSE,FALSE,FALSE,FALSE,0
070604KathyPM,Rheg,01:10:00,2,0,0,0,0,2,FALSE,FALSE,FALSE,FALSE,0
070604KathyPM,Rheg,02:11:00,1,0,0,0,0,1,FALSE,FALSE,FALSE,FALSE,0
070604KathyPM,Rheg,02:03:00,1,1,0,0,0,1,TRUE,FALSE,FALSE,FALSE,0
070604KathyPM,Rheg,03:55:00,7,0,0,0,0,6,FALSE,FALSE,FALSE,FALSE,1
070604KathyPM,Rheg,00:56:00,0,1,0,0,0,0,TRUE,FALSE,FALSE,FALSE,0
060606ChrisAM,Rheg,04:50:00,2,1,0,0,0,2,TRUE,FALSE,FALSE,FALSE,0
070607ElianaAM,Rheg,05:11:00,1,0,0,0,0,1,FALSE,FALSE,FALSE,FALSE,0
070606ChrisAM,Rheg,02:42:00,2,2,0,0,0,0,TRUE,FALSE,FALSE,FALSE,2
070606ChrisAM,Rheg,01:27:00,2,0,0,0,0,0,FALSE,FALSE,FALSE,FALSE,2
070606ChrisAM,Rheg,03:38:00,9,0,0,0,0,2,FALSE,FALSE,FALSE,FALSE,7
070606ChrisAM,Rheg,01:58:00,0,1,0,0,1,0,TRUE,FALSE,FALSE,TRUE,0
070606ChrisAM,Rheg,02:34:00,3,0,0,0,0,2,FALSE,FALSE,FALSE,FALSE,1
070606ChrisAM,Rheg,02:48:00,1,0,0,0,0,1,FALSE,FALSE,FALSE,FALSE,0
070606ChrisAM,Rheg,01:05:00,0,0,0,10,0,0,FALSE,FALSE,TRUE,FALSE,0
070609KathyAM,Rheg,02:02:00,3,0,0,0,0,2,FALSE,FALSE,FALSE,FALSE,1
070609KathyAM,Rheg,01:21:00,1,0,0,0,0,0,FALSE,FALSE,FALSE,FALSE,1
070609KathyAM,Rheg,02:08:00,4,0,0,0,0,2,FALSE,FALSE,FALSE,FALSE,2
070609KathyAM,Rheg,01:35:00,1,0,0,0,0,1,FALSE,FALSE,FALSE,FALSE,0
070609KathyAM,Rheg,01:13:00,1,1,0,0,0,0,TRUE,FALSE,FALSE,FALSE,1
070609KathyAM,Rheg,02:17:00,2,0,0,0,0,0,FALSE,FALSE,FALSE,FALSE,2
070522JudyAM,G. sal,01:10:00,4,0,0,0,0,3,FALSE,FALSE,FALSE,FALSE,1
070522NellyAM,G. sal,01:47:00,1,0,0,0,0,1,FALSE,FALSE,FALSE,FALSE,0
070523JudyAM,G. sal,02:37:00,3,0,1,0,0,2,FALSE,TRUE,FALSE,FALSE,1
070523JudyAM,G. sal,01:04:00,2,0,0,0,0,2,FALSE,FALSE,FALSE,FALSE,0
070523JudyAM,G. sal,01:32:00,3,0,0,0,1,0,FALSE,FALSE,FALSE,TRUE,3
070523JudyAM,G. sal,02:48:00,3,0,1,0,0,1,FALSE,TRUE,FALSE,FALSE,2
070522JudyAM,G. sal,02:37:00,1,0,0,0,0,1,FALSE,FALSE,FALSE,FALSE,0
070522JudyAM,G. sal,01:30:00,1,0,0,0,0,1,FALSE,FALSE,FALSE,FALSE,0
070522JudyAM,G. sal,03:58:00,1,0,0,0,0,1,FALSE,FALSE,FALSE,FALSE,0
070522JudyAM,G. sal,01:00:00,0,1,0,0,0,0,TRUE,FALSE,FALSE,FALSE,0
070524LabbieAM,G. sal,01:10:00,1,0,0,0,0,1,FALSE,FALSE,FALSE,FALSE,0
070524KathyAM,G. sal,01:59:00,2,0,0,0,0,2,FALSE,FALSE,FALSE,FALSE,0
070611KathyAM,M. fort,00:44:00,1,0,0,0,0,1,FALSE,FALSE,FALSE,FALSE,0
070611KathyAM,M. fort,00:00:01,1,0,0,0,0,1,FALSE,FALSE,FALSE,FALSE,0
070611KathyAM,M. fort,00:00:02,2,0,0,0,0,2,FALSE,FALSE,FALSE,FALSE,0
070611KathyAM,M. fort,00:00:02,0,0,0,0,0,0,FALSE,FALSE,FALSE,FALSE,0
070611KathyAM,M. fort,00:00:01,0,0,0,0,0,0,FALSE,FALSE,FALSE,FALSE,0
070611KathyAM,M. fort,00:00:01,0,0,0,0,0,0,FALSE,FALSE,FALSE,FALSE,0
070611KathyAM,M. fort,00:00:01,1,0,0,0,0,1,FALSE,FALSE,FALSE,FALSE,0
070611KathyAM,M. fort,00:00:01,2,0,0,0,0,1,FALSE,FALSE,FALSE,FALSE,1
070611KathyAM,M. fort,00:00:01,2,0,0,0,0,1,FALSE,FALSE,FALSE,FALSE,1
070611KathyAM,M. fort,00:00:01,0,1,0,0,0,0,TRUE,FALSE,FALSE,FALSE,0
070611KathyAM,M. fort,00:00:01,1,0,0,0,0,1,FALSE,FALSE,FALSE,FALSE,0
070611KathyAM,M. fort,00:00:01,1,0,0,0,0,1,FALSE,FALSE,FALSE,FALSE,0
070611KathyAM,M. fort,00:00:02,0,0,0,0,0,0,FALSE,FALSE,FALSE,FALSE,0
070611KathyAM,M. fort,00:00:01,1,0,0,0,0,1,FALSE,FALSE,FALSE,FALSE,0
070611KathyAM,M. fort,00:00:01,1,0,0,0,0,1,FALSE,FALSE,FALSE,FALSE,0
070609KathyAM,D. mer,00:00:01,1,1,0,0,0,0,TRUE,FALSE,FALSE,FALSE,1
070609KathyAM,D. mer,00:00:02,1,0,0,1,0,1,FALSE,FALSE,TRUE,FALSE,0
070609ElianaAM,D. mer,00:00:01,2,0,0,0,0,2,FALSE,FALSE,FALSE,FALSE,0
070609ElianaAM,D. mer,00:00:02,0,0,1,0,0,0,FALSE,TRUE,FALSE,FALSE,0
070609ElianaAM,D. mer,00:00:01,0,0,0,0,0,0,FALSE,FALSE,FALSE,FALSE,0
070611KathyAM,D. mer,00:00:04,2,0,0,0,0,0,FALSE,FALSE,FALSE,FALSE,2
070611KathyAM,D. mer,00:00:03,2,0,0,0,0,2,FALSE,FALSE,FALSE,FALSE,0
070611KathyAM,D. mer,00:00:01,0,1,0,1,0,0,TRUE,FALSE,TRUE,FALSE,0
070611KathyAM,D. mer,00:00:01,0,0,0,0,0,0,FALSE,FALSE,FALSE,FALSE,0
070611KathyAM,D. mer,00:00:02,1,0,0,0,0,1,FALSE,FALSE,FALSE,FALSE,0
070611KathyAM,D. mer,00:00:01,0,0,0,0,0,0,FALSE,FALSE,FALSE,FALSE,0
070611KathyAM,D. mer,00:00:01,1,0,0,0,0,1,FALSE,FALSE,FALSE,FALSE,0
070611ChrisAM,D. mer,00:00:04,3,0,0,1,1,1,FALSE,FALSE,TRUE,TRUE,2
070611ChrisAM,D. mer,00:00:01,0,0,0,0,0,0,FALSE,FALSE,FALSE,FALSE,0
070611ChrisAM,D. mer,00:00:03,3,0,0,0,1,2,FALSE,FALSE,FALSE,TRUE,1
070611ChrisAM,D. mer,00:00:01,0,0,0,0,0,0,FALSE,FALSE,FALSE,FALSE,0
070611ChrisAM,D. mer,00:00:02,0,0,0,0,0,0,FALSE,FALSE,FALSE,FALSE,0
070611ElianaAM,D. mer,00:00:03,5,0,0,0,0,3,FALSE,FALSE,FALSE,FALSE,2
070611ElianaAM,D. mer,00:00:01,1,0,0,0,1,1,FALSE,FALSE,FALSE,TRUE,0
070611ElianaAM,D. mer,00:00:02,4,0,1,0,0,3,FALSE,TRUE,FALSE,FALSE,1
070611ElianaAM,D. mer,00:00:03,2,0,0,0,0,1,FALSE,FALSE,FALSE,FALSE,1
070611ElianaAM,D. mer,00:00:05,4,0,0,0,0,1,FALSE,FALSE,FALSE,FALSE,3
070611ElianaAM,D. mer,00:00:02,2,0,0,0,0,2,FALSE,FALSE,FALSE,FALSE,0
070611ElianaAM,D. mer,00:00:04,0,0,1,0,0,0,FALSE,TRUE,FALSE,FALSE,0
070611ElianaAM,D. mer,00:00:04,2,0,1,0,0,0,FALSE,TRUE,FALSE,FALSE,2
070611ElianaAM,D. mer,00:00:01,2,0,0,0,1,2,FALSE,FALSE,FALSE,TRUE,0
070611ElianaAM,D. mer,00:00:03,1,0,0,0,0,0,FALSE,FALSE,FALSE,FALSE,1
070611ElianaAM,D. mer,00:00:02,2,0,0,0,0,2,FALSE,FALSE,FALSE,FALSE,0
070611ElianaAM,D. mer,00:00:01,4,0,0,0,0,1,FALSE,FALSE,FALSE,FALSE,3
070611ElianaAM,D. mer,00:00:03,0,0,0,0,0,0,FALSE,FALSE,FALSE,FALSE,0
070611ElianaAM,D. mer,00:00:04,3,0,1,0,1,2,FALSE,TRUE,FALSE,TRUE,1
070611ElianaAM,D. mer,00:00:02,4,0,0,0,2,0,FALSE,FALSE,FALSE,TRUE,4
070611ElianaAM,D. mer,00:00:02,1,0,0,0,1,0,FALSE,FALSE,FALSE,TRUE,1
070611ElianaAM,D. mer,00:00:02,2,0,0,0,0,1,FALSE,FALSE,FALSE,FALSE,1
070611KathyAM,D. mer,00:00:01,1,0,0,0,0,0,FALSE,FALSE,FALSE,FALSE,1
070611KathyAM,D. mer,00:00:01,0,0,0,0,0,0,FALSE,FALSE,FALSE,FALSE,0
070609ElianaAM,Rheg,00:00:01,1,0,0,0,0,1,FALSE,FALSE,FALSE,FALSE,0
070609ElianaAM,Rheg,00:00:01,1,0,0,0,0,1,FALSE,FALSE,FALSE,FALSE,0
070609ElianaAM,Rheg,00:00:01,9,0,0,0,0,0,FALSE,FALSE,FALSE,FALSE,9
070611KathyAM,Rheg,00:00:02,2,0,0,0,0,2,FALSE,FALSE,FALSE,FALSE,0
070611KathyAM,Rheg,00:00:02,0,0,0,0,0,0,FALSE,FALSE,FALSE,FALSE,0
070611KathyAM,Rheg,00:00:01,1,0,0,0,0,1,FALSE,FALSE,FALSE,FALSE,0
070611KathyAM,Rheg,00:00:02,1,1,0,0,0,1,TRUE,FALSE,FALSE,FALSE,0
070611KathyAM,Rheg,00:00:01,3,0,0,0,0,3,FALSE,FALSE,FALSE,FALSE,0
070611KathyAM,Rheg,00:00:01,0,1,0,0,0,0,TRUE,FALSE,FALSE,FALSE,0
070611KathyAM,Rheg,00:00:01,1,0,1,0,0,1,FALSE,TRUE,FALSE,FALSE,0
070611KathyAM,Rheg,00:00:01,1,0,0,0,0,1,FALSE,FALSE,FALSE,FALSE,0
070611KathyAM,Rheg,00:00:01,1,0,0,0,0,0,FALSE,FALSE,FALSE,FALSE,1
070611KathyAM,Rheg,00:00:02,4,0,0,0,0,3,FALSE,FALSE,FALSE,FALSE,1
070611ChrisAM,Rheg,00:00:01,3,0,0,0,0,1,FALSE,FALSE,FALSE,FALSE,2
070611ChrisAM,Rheg,00:00:01,1,0,0,0,0,0,FALSE,FALSE,FALSE,FALSE,1
070611ChrisAM,Rheg,00:00:01,4,0,0,0,0,1,FALSE,FALSE,FALSE,FALSE,3
070611ChrisAM,Rheg,00:00:01,1,0,0,0,0,0,FALSE,FALSE,FALSE,FALSE,1
070609KathyAM,Rheg,00:00:01,1,0,0,0,0,1,FALSE,FALSE,FALSE,FALSE,0
070611KathyAM,Rheg,00:00:03,9,0,0,0,0,3,FALSE,FALSE,FALSE,FALSE,6
070611KathyAM,Rheg,00:00:01,3,0,0,0,0,1,FALSE,FALSE,FALSE,FALSE,2
070611KathyAM,Rheg,00:00:01,2,0,0,0,0,0,FALSE,FALSE,FALSE,FALSE,2
070611KathyAM,Rheg,00:00:01,2,0,0,0,0,1,FALSE,FALSE,FALSE,FALSE,1
070611KathyAM,Rheg,00:00:01,1,0,0,0,0,1,FALSE,FALSE,FALSE,FALSE,0
070611KathyAM,Rheg,00:00:01,0,1,2,0,0,0,TRUE,TRUE,FALSE,FALSE,0
070611KathyAM,Rheg,00:00:01,1,0,0,0,0,1,FALSE,FALSE,FALSE,FALSE,0
070611KathyAM,Rheg,00:00:01,0,0,0,0,0,0,FALSE,FALSE,FALSE,FALSE,0
070611KathyAM,Rheg,00:00:01,1,0,0,1,0,1,FALSE,FALSE,TRUE,FALSE,0
070611KathyAM,Rheg,00:00:02,2,0,0,0,0,1,FALSE,FALSE,FALSE,FALSE,1
070524KathyAM,G. sal,00:00:01,3,0,0,0,0,1,FALSE,FALSE,FALSE,FALSE,2
070524KathyAM,G. sal,00:00:01,4,0,0,0,0,3,FALSE,FALSE,FALSE,FALSE,1
070524KathyAM,G. sal,00:00:01,0,0,0,0,0,0,FALSE,FALSE,FALSE,FALSE,0
070524KathyAM,G. sal,00:00:02,3,0,0,0,0,1,FALSE,FALSE,FALSE,FALSE,2
070524KathyAM,G. sal,00:00:02,1,0,0,0,0,0,FALSE,FALSE,FALSE,FALSE,1
070528JudyPM,G. sal,00:00:02,3,0,0,0,0,2,FALSE,FALSE,FALSE,FALSE,1
070528JudyPM,G. sal,00:00:02,1,0,0,0,0,1,FALSE,FALSE,FALSE,FALSE,0
070528JudyPM,G. sal,00:00:01,1,0,0,0,0,1,FALSE,FALSE,FALSE,FALSE,0
070529NellyAM,G. sal,00:00:02,3,0,0,0,0,1,FALSE,FALSE,FALSE,FALSE,2
070529NellyAM,G. sal,00:00:04,2,0,0,0,0,0,FALSE,FALSE,FALSE,FALSE,2
070604KathyAM,G. sal,00:00:01,1,0,0,0,0,0,FALSE,FALSE,FALSE,FALSE,1
070604KathyAM,G. sal,00:00:04,0,1,0,0,1,0,TRUE,FALSE,FALSE,TRUE,0
070602JudyAM,G. sal,00:00:01,0,0,0,0,0,0,FALSE,FALSE,FALSE,FALSE,0
070604KathyAM,G. sal,00:00:01,1,0,0,0,0,0,FALSE,FALSE,FALSE,FALSE,1
070604KathyAM,G. sal,00:00:01,1,0,0,0,0,1,FALSE,FALSE,FALSE,FALSE,0
070606NellyAM,G. sal,00:00:02,0,0,0,0,0,0,FALSE,FALSE,FALSE,FALSE,0
070606NellyAM,G. sal,00:00:01,1,0,0,0,0,1,FALSE,FALSE,FALSE,FALSE,0
070606ChrisAM,G. sal,00:00:01,1,1,0,0,0,1,TRUE,FALSE,FALSE,FALSE,0
070607ElianaAM,G. sal,00:00:01,0,0,0,0,0,0,FALSE,FALSE,FALSE,FALSE,0
070607ElianaAM,G. sal,00:00:01,1,1,0,0,0,1,TRUE,FALSE,FALSE,FALSE,0
070607ElianaAM,G. sal,00:00:01,2,1,0,0,0,1,TRUE,FALSE,FALSE,FALSE,1
070607ElianaAM,G. sal,00:00:01,2,0,0,0,0,1,FALSE,FALSE,FALSE,FALSE,1
070607ElianaAM,G. sal,00:00:01,2,0,0,0,0,1,FALSE,FALSE,FALSE,FALSE,1
070607ElianaAM,G. sal,00:00:00,0,0,0,0,0,0,FALSE,FALSE,FALSE,FALSE,0
070607ElianaAM,G. sal,00:00:03,3,0,0,0,0,3,FALSE,FALSE,FALSE,FALSE,0
070609ElianaAM,G. sal,00:00:01,0,0,0,0,0,0,FALSE,FALSE,FALSE,FALSE,0
070609ElianaAM,G. sal,00:00:01,3,0,0,0,0,2,FALSE,FALSE,FALSE,FALSE,1
070609ElianaAM,G. sal,00:00:02,1,0,0,0,0,1,FALSE,FALSE,FALSE,FALSE,0
070611KathyAM,G. sal,00:00:01,1,1,0,0,0,1,TRUE,FALSE,FALSE,FALSE,0
070611KathyAM,G. sal,00:00:01,1,0,0,0,0,1,FALSE,FALSE,FALSE,FALSE,0
070611ChrisAM,G. sal,00:00:01,1,1,0,0,0,0,TRUE,FALSE,FALSE,FALSE,1
070611ChrisAM,G. sal,00:00:01,2,0,0,0,0,0,FALSE,FALSE,FALSE,FALSE,2
070611ChrisAM,G. sal,00:00:00,1,0,0,0,0,0,FALSE,FALSE,FALSE,FALSE,1
070611KathyAM,G. sal,00:00:02,0,0,0,0,0,0,FALSE,FALSE,FALSE,FALSE,0
070611KathyAM,G. sal,00:00:01,0,0,0,0,0,0,FALSE,FALSE,FALSE,FALSE,0
070611KathyAM,G. sal,00:00:02,1,0,0,0,0,1,FALSE,FALSE,FALSE,FALSE,0
070611KathyAM,G. sal,00:00:01,1,0,0,0,0,1,FALSE,FALSE,FALSE,FALSE,0
070611KathyAM,G. sal,00:00:01,1,0,0,0,0,0,FALSE,FALSE,FALSE,FALSE,1
070609ElianaAM,D. mer,02:05:00,1,0,0,0,0,1,FALSE,FALSE,FALSE,FALSE,0
070609ElianaAM,D. mer,03:28:00,1,0,1,0,0,1,FALSE,TRUE,FALSE,FALSE,0
070609ElianaAM,D. mer,01:02:00,0,0,0,0,1,0,FALSE,FALSE,FALSE,TRUE,0
070609ElianaAM,D. mer,01:16:00,0,0,1,0,0,0,FALSE,TRUE,FALSE,FALSE,0
070609ElianaAM,D. mer,00:56:00,1,0,0,0,1,1,FALSE,FALSE,FALSE,TRUE,0
070611ElianaAM,D. mer,01:05:00,0,0,1,0,2,0,FALSE,TRUE,FALSE,TRUE,0
070611ElianaAM,D. mer,03:02:00,1,0,1,0,0,1,FALSE,TRUE,FALSE,FALSE,0
070611ElianaAM,D. mer,01:23:00,1,0,0,0,0,1,FALSE,FALSE,FALSE,FALSE,0
070611ElianaAM,D. mer,03:08:00,1,0,0,0,1,0,FALSE,FALSE,FALSE,TRUE,1
070611ElianaAM,D. mer,01:25:00,1,0,1,0,2,1,FALSE,TRUE,FALSE,TRUE,0
070611ElianaAM,D. mer,03:06:00,3,0,1,0,1,2,FALSE,TRUE,FALSE,TRUE,1
070611ElianaAM,D. mer,02:35:00,0,0,0,0,0,0,FALSE,FALSE,FALSE,FALSE,0
070611ElianaAM,D. mer,01:12:00,2,0,0,0,0,1,FALSE,FALSE,FALSE,FALSE,1
070611ElianaAM,D. mer,01:15:00,1,0,0,0,1,1,FALSE,FALSE,FALSE,TRUE,0
070611ElianaAM,D. mer,01:05:00,1,0,0,0,0,1,FALSE,FALSE,FALSE,FALSE,0
070611ElianaAM,D. mer,00:54:00,0,0,1,0,0,0,FALSE,TRUE,FALSE,FALSE,0
070611ElianaAM,D. mer,01:16:00,0,0,2,0,0,0,FALSE,TRUE,FALSE,FALSE,0
070523NellyAM,Phleg,01:00:00,0,0,0,0,0,0,FALSE,FALSE,FALSE,FALSE,0
070524LabbieAM,Phleg,02:23:00,1,0,0,0,0,1,FALSE,FALSE,FALSE,FALSE,0
070524LabbieAM,Phleg,02:05:00,0,0,0,1,0,0,FALSE,FALSE,TRUE,FALSE,0
070524LabbieAM,Phleg,02:49:00,5,0,0,0,0,5,FALSE,FALSE,FALSE,FALSE,0
070524ElianaAM,Phleg,02:30:00,0,0,0,0,0,0,FALSE,FALSE,FALSE,FALSE,0
070524LabbieAM,Phleg,02:11:00,3,0,0,0,0,2,FALSE,FALSE,FALSE,FALSE,1
070524KathyAM,Phleg,00:40:00,0,0,1,0,1,0,FALSE,TRUE,FALSE,TRUE,0
070524KathyAM,Phleg,02:00:00,4,0,0,1,0,0,FALSE,FALSE,TRUE,FALSE,4
070524KathyPM,Phleg,01:25:00,3,0,2,0,0,0,FALSE,TRUE,FALSE,FALSE,3
070524KathyPM,Phleg,04:43:00,15,0,0,0,0,4,FALSE,FALSE,FALSE,FALSE,11
070524KathyPM,Phleg,01:23:00,2,0,0,1,0,1,FALSE,FALSE,TRUE,FALSE,1
070524KathyPM,Phleg,01:30:00,1,0,0,0,0,0,FALSE,FALSE,FALSE,FALSE,1
070524KathyPM,Phleg,02:09:00,4,0,2,0,0,1,FALSE,TRUE,FALSE,FALSE,3
070524KathyPM,Phleg,00:57:00,3,0,1,0,0,1,FALSE,TRUE,FALSE,FALSE,2
070524KathyPM,Phleg,01:43:00,5,0,0,0,0,0,FALSE,FALSE,FALSE,FALSE,5
070524KathyPM,Phleg,02:49:00,2,0,0,0,0,0,FALSE,FALSE,FALSE,FALSE,2
070524KathyPM,Phleg,02:25:00,5,0,0,0,0,0,FALSE,FALSE,FALSE,FALSE,5
070524KathyPM,Phleg,02:53:00,6,0,1,0,2,0,FALSE,TRUE,FALSE,TRUE,6
070524KathyPM,Phleg,02:17:00,6,0,0,0,1,1,FALSE,FALSE,FALSE,TRUE,5
070524KathyPM,Phleg,06:32:00,13,0,0,0,4,1,FALSE,FALSE,FALSE,TRUE,12
070524KathyPM,Phleg,02:25:00,2,0,0,0,2,0,FALSE,FALSE,FALSE,TRUE,2
070524KathyPM,Phleg,01:53:00,5,0,0,0,0,1,FALSE,FALSE,FALSE,FALSE,4
070526KathyAM,Phleg,01:00:00,1,0,0,0,0,1,FALSE,FALSE,FALSE,FALSE,0
070526KathyAM,Phleg,01:10:00,1,0,0,1,0,1,FALSE,FALSE,TRUE,FALSE,0
070526KathyAM,Phleg,01:02:00,1,0,0,0,0,1,FALSE,FALSE,FALSE,FALSE,0
070531KathyAM,Phleg,03:47:00,3,0,0,0,0,1,FALSE,FALSE,FALSE,FALSE,2
070531KathyAM,Phleg,03:35:00,5,0,0,0,0,2,FALSE,FALSE,FALSE,FALSE,3
070601KathyAM,Phleg,01:05:00,1,0,0,0,0,1,FALSE,FALSE,FALSE,FALSE,0
070601KathyAM,Phleg,01:54:00,1,0,0,0,0,1,FALSE,FALSE,FALSE,FALSE,0
070601KathyAM,Phleg,01:42:00,3,0,0,0,0,2,FALSE,FALSE,FALSE,FALSE,1
070601KathyAM,Phleg,02:12:00,3,0,0,0,0,2,FALSE,FALSE,FALSE,FALSE,1
070604KathyAM,Phleg,02:06:00,0,0,0,0,0,0,FALSE,FALSE,FALSE,FALSE,0
070604KathyAM,Phleg,00:00:03,3,0,0,0,0,1,FALSE,FALSE,FALSE,FALSE,2
070604KathyAM,Phleg,00:00:02,2,0,0,1,0,1,FALSE,FALSE,TRUE,FALSE,1
070604KathyAM,Phleg,00:00:01,1,0,0,0,0,1,FALSE,FALSE,FALSE,FALSE,0
070604KathyAM,Phleg,00:00:01,2,0,0,1,0,1,FALSE,FALSE,TRUE,FALSE,1
070604KathyAM,Phleg,00:00:02,1,0,0,0,0,1,FALSE,FALSE,FALSE,FALSE,0
070604KathyAM,Phleg,00:00:01,0,0,1,0,0,0,FALSE,TRUE,FALSE,FALSE,0
070604KathyAM,Phleg,00:00:01,1,0,0,0,0,0,FALSE,FALSE,FALSE,FALSE,1
070604KathyAM,Phleg,00:00:02,1,0,1,0,0,0,FALSE,TRUE,FALSE,FALSE,1
070604KathyAM,Phleg,00:00:01,2,0,0,1,0,2,FALSE,FALSE,TRUE,FALSE,0
070604KathyAM,Phleg,00:00:04,10,0,1,0,1,6,FALSE,TRUE,FALSE,TRUE,4
070604KathyAM,Phleg,00:00:02,1,0,0,0,0,0,FALSE,FALSE,FALSE,FALSE,1
070604KathyAM,Phleg,00:00:02,2,0,0,0,0,1,FALSE,FALSE,FALSE,FALSE,1
070604KathyAM,Phleg,00:00:01,1,0,0,0,0,1,FALSE,FALSE,FALSE,FALSE,0
070604KathyAM,Phleg,00:00:01,1,0,0,1,0,1,FALSE,FALSE,TRUE,FALSE,0
070604KathyAM,Phleg,00:00:01,4,0,0,0,0,2,FALSE,FALSE,FALSE,FALSE,2
070604KathyAM,Phleg,00:00:01,2,0,0,0,2,2,FALSE,FALSE,FALSE,TRUE,0
070604KathyAM,Phleg,00:00:01,0,0,0,0,1,0,FALSE,FALSE,FALSE,TRUE,0
070604KathyAM,Phleg,00:00:01,0,0,0,0,0,0,FALSE,FALSE,FALSE,FALSE,0
070604KathyAM,Phleg,00:00:02,2,0,0,0,0,1,FALSE,FALSE,FALSE,FALSE,1
070604KathyAM,Phleg,00:00:04,4,0,0,0,0,1,FALSE,FALSE,FALSE,FALSE,3
070604KathyAM,Phleg,01:50:00,2,0,0,0,0,0,FALSE,FALSE,FALSE,FALSE,2
070604KathyAM,Phleg,01:33:00,1,0,0,0,0,1,FALSE,FALSE,FALSE,FALSE,0
070604KathyAM,Phleg,01:00:00,1,0,0,0,0,1,FALSE,FALSE,FALSE,FALSE,0
070604KathyAM,Phleg,01:11:00,1,0,0,0,0,1,FALSE,FALSE,FALSE,FALSE,0
070604KathyAM,Phleg,01:02:00,2,0,0,0,0,0,FALSE,FALSE,FALSE,FALSE,2
070604KathyAM,Phleg,01:00:00,2,0,0,0,0,2,FALSE,FALSE,FALSE,FALSE,0
070604KathyAM,Phleg,01:20:00,2,0,0,0,0,1,FALSE,FALSE,FALSE,FALSE,1
070604KathyAM,Phleg,01:19:00,0,0,0,0,0,0,FALSE,FALSE,FALSE,FALSE,0
070604KathyAM,Phleg,01:22:00,1,0,0,0,0,1,FALSE,FALSE,FALSE,FALSE,0
070604KathyAM,Phleg,01:20:00,1,0,0,0,0,1,FALSE,FALSE,FALSE,FALSE,0
070604KathyAM,Phleg,01:32:00,0,0,0,0,0,0,FALSE,FALSE,FALSE,FALSE,0
070604KathyAM,Phleg,01:35:00,1,0,0,0,0,1,FALSE,FALSE,FALSE,FALSE,0
070604KathyAM,Phleg,04:35:00,6,0,0,0,1,3,FALSE,FALSE,FALSE,TRUE,3
070604KathyAM,Phleg,04:40:00,3,0,0,0,1,2,FALSE,FALSE,FALSE,TRUE,1
070604KathyAM,Phleg,03:23:00,4,0,0,0,0,3,FALSE,FALSE,FALSE,FALSE,1
070604KathyAM,Phleg,01:36:00,1,0,2,0,1,1,FALSE,TRUE,FALSE,TRUE,0
070604KathyAM,Phleg,01:38:00,0,0,1,0,0,0,FALSE,TRUE,FALSE,FALSE,0
070604KathyPM,Phleg,01:21:00,3,0,0,0,1,1,FALSE,FALSE,FALSE,TRUE,2
070604KathyPM,Phleg,01:30:00,3,0,1,1,0,1,FALSE,TRUE,TRUE,FALSE,2
070604KathyPM,Phleg,01:09:00,0,0,0,0,0,0,FALSE,FALSE,FALSE,FALSE,0
070604KathyPM,Phleg,03:21:00,2,0,0,0,0,2,FALSE,FALSE,FALSE,FALSE,0
070604KathyPM,Phleg,02:03:00,0,0,0,0,0,0,FALSE,FALSE,FALSE,FALSE,0
070604KathyPM,Phleg,01:06:00,1,0,0,0,0,1,FALSE,FALSE,FALSE,FALSE,0
070604KathyPM,Phleg,02:00:00,4,0,0,0,0,3,FALSE,FALSE,FALSE,FALSE,1
070604KathyPM,Phleg,01:06:00,1,0,1,0,0,1,FALSE,TRUE,FALSE,FALSE,0
070606NellyAM,Phleg,01:03:00,1,0,0,0,0,1,FALSE,FALSE,FALSE,FALSE,0
070606NellyAM,Phleg,00:52:00,4,0,0,1,0,1,FALSE,FALSE,TRUE,FALSE,3
070606NellyAM,Phleg,01:41:00,1,0,0,0,0,1,FALSE,FALSE,FALSE,FALSE,0
070606ChrisAM,Phleg,01:55:00,1,0,0,0,0,0,FALSE,FALSE,FALSE,FALSE,1
070606ChrisAM,Phleg,01:15:00,2,0,1,0,0,0,FALSE,TRUE,FALSE,FALSE,2
070606ChrisAM,Phleg,01:49:00,1,0,0,1,0,1,FALSE,FALSE,TRUE,FALSE,0
070606ChrisAM,Phleg,02:25:00,3,0,1,0,0,1,FALSE,TRUE,FALSE,FALSE,2
070606ChrisAM,Phleg,02:32:00,3,0,0,0,1,2,FALSE,FALSE,FALSE,TRUE,1
070606ChrisAM,Phleg,04:01:00,3,0,0,0,1,3,FALSE,FALSE,FALSE,TRUE,0
070606ChrisAM,Phleg,01:42:00,2,0,0,0,0,1,FALSE,FALSE,FALSE,FALSE,1
070606ChrisAM,Phleg,01:04:00,2,0,0,0,0,2,FALSE,FALSE,FALSE,FALSE,0
070606ChrisAM,Phleg,01:06:00,0,1,0,0,0,0,TRUE,FALSE,FALSE,FALSE,0
070606ChrisAM,Phleg,01:28:00,1,0,0,2,0,1,FALSE,FALSE,TRUE,FALSE,0
070606ChrisAM,Phleg,02:11:00,1,0,0,0,0,0,FALSE,FALSE,FALSE,FALSE,1
070606ChrisAM,Phleg,01:17:00,1,0,0,0,0,1,FALSE,FALSE,FALSE,FALSE,0
070606ChrisAM,Phleg,01:05:00,0,0,1,2,0,0,FALSE,TRUE,TRUE,FALSE,0
070606ChrisAM,Phleg,02:06:00,4,0,0,0,1,0,FALSE,FALSE,FALSE,TRUE,4
070606ChrisAM,Phleg,02:22:00,3,0,0,1,0,0,FALSE,FALSE,TRUE,FALSE,3
070606ChrisAM,Phleg,02:01:00,4,0,0,2,0,1,FALSE,FALSE,TRUE,FALSE,3
070606ChrisAM,Phleg,03:10:00,3,0,0,1,0,1,FALSE,FALSE,TRUE,FALSE,2
070606ChrisAM,Phleg,03:55:00,2,0,0,0,2,2,FALSE,FALSE,FALSE,TRUE,0
070606ChrisAM,Phleg,02:25:00,3,0,0,0,0,0,FALSE,FALSE,FALSE,FALSE,3
070606ChrisAM,Phleg,01:02:00,4,0,0,0,0,2,FALSE,FALSE,FALSE,FALSE,2
070606ChrisAM,Phleg,02:15:00,4,0,0,0,0,3,FALSE,FALSE,FALSE,FALSE,1
070606ChrisAM,Phleg,02:28:00,1,0,0,0,0,0,FALSE,FALSE,FALSE,FALSE,1
070609KathyAM,Phleg,01:36:00,2,0,0,1,0,2,FALSE,FALSE,TRUE,FALSE,0
070609KathyAM,Phleg,01:16:00,0,0,0,3,0,0,FALSE,FALSE,TRUE,FALSE,0
070609KathyAM,Phleg,01:49:00,1,0,0,3,0,1,FALSE,FALSE,TRUE,FALSE,0
070609KathyAM,Phleg,01:16:00,2,0,0,0,0,1,FALSE,FALSE,FALSE,FALSE,1
070609KathyAM,Phleg,02:37:00,2,0,1,0,0,2,FALSE,TRUE,FALSE,FALSE,0
070611KathyAM,Phleg,02:00:00,0,0,0,0,0,0,FALSE,FALSE,FALSE,FALSE,0
070611KathyAM,Phleg,01:05:00,1,0,0,0,0,1,FALSE,FALSE,FALSE,FALSE,0
070611KathyAM,Phleg,04:14:00,1,1,0,0,0,1,TRUE,FALSE,FALSE,FALSE,0
070611KathyAM,Phleg,01:25:00,1,0,0,0,1,0,FALSE,FALSE,FALSE,TRUE,1
070611KathyAM,Phleg,02:07:00,0,0,0,1,0,0,FALSE,FALSE,TRUE,FALSE,0
070611KathyAM,Phleg,02:41:00,0,0,0,0,0,0,FALSE,FALSE,FALSE,FALSE,0
070611KathyAM,Phleg,01:16:00,1,0,0,0,0,1,FALSE,FALSE,FALSE,FALSE,0
070611ChrisAM,Phleg,01:50:00,2,0,0,0,0,0,FALSE,FALSE,FALSE,FALSE,2
070609KathyAM,Phleg,01:07:00,1,0,0,2,0,1,FALSE,FALSE,TRUE,FALSE,0
070609KathyAM,Phleg,02:26:00,4,0,0,0,0,4,FALSE,FALSE,FALSE,FALSE,0
070611KathyAM,Phleg,01:44:00,0,0,0,0,0,0,FALSE,FALSE,FALSE,FALSE,0
070611KathyAM,Phleg,02:45:00,0,0,0,0,0,0,FALSE,FALSE,FALSE,FALSE,0
070611KathyAM,Phleg,01:11:00,0,0,0,0,0,0,FALSE,FALSE,FALSE,FALSE,0
070611KathyAM,Phleg,01:14:00,0,0,0,0,0,0,FALSE,FALSE,FALSE,FALSE,0
070611KathyAM,Phleg,04:11:00,1,0,0,0,0,1,FALSE,FALSE,FALSE,FALSE,0
070611KathyAM,Phleg,02:49:00,2,0,0,0,0,2,FALSE,FALSE,FALSE,FALSE,0
070611KathyAM,Phleg,01:19:00,2,0,0,0,0,2,FALSE,FALSE,FALSE,FALSE,0
070611KathyAM,Phleg,02:43:00,0,0,0,0,0,0,FALSE,FALSE,FALSE,FALSE,0
070611KathyAM,Phleg,02:35:00,0,0,0,0,0,0,FALSE,FALSE,FALSE,FALSE,0
070611KathyAM,Phleg,02:35:00,1,0,0,0,0,0,FALSE,FALSE,FALSE,FALSE,1
070612ChrisAM,D. mer,01:28:00,3,0,0,0,0,2,FALSE,FALSE,FALSE,FALSE,1
070612ChrisAM,D. mer,01:24:00,3,0,0,0,0,3,FALSE,FALSE,FALSE,FALSE,0
070612ChrisAM,D. mer,02:00:00,0,0,0,0,0,0,FALSE,FALSE,FALSE,FALSE,0
070612ChrisAM,D. mer,01:57:00,0,0,0,0,0,0,FALSE,FALSE,FALSE,FALSE,0
070612ChrisAM,D. mer,02:08:00,0,0,0,0,0,0,FALSE,FALSE,FALSE,FALSE,0
070612ChrisAM,D. mer,00:52:00,1,0,0,0,0,0,FALSE,FALSE,FALSE,FALSE,1
070612KathyAM,D. mer,04:02:00,3,0,0,0,0,1,FALSE,FALSE,FALSE,FALSE,2
070613SharonPM,D. mer,04:05:00,2,0,0,0,0,0,FALSE,FALSE,FALSE,FALSE,2
070609ElianaAM,Rheg,02:10:00,2,0,0,0,0,1,FALSE,FALSE,FALSE,FALSE,1
070609ElianaAM,Rheg,02:26:00,3,0,0,0,0,1,FALSE,FALSE,FALSE,FALSE,2
070609ElianaAM,Rheg,03:40:00,3,0,1,0,0,2,FALSE,TRUE,FALSE,FALSE,1
070609ElianaAM,Rheg,01:36:00,1,0,0,0,1,1,FALSE,FALSE,FALSE,TRUE,0
070609ElianaAM,Rheg,02:14:00,3,0,0,0,1,2,FALSE,FALSE,FALSE,TRUE,1
070612ChrisAM,Rheg,01:31:00,0,0,0,0,0,0,FALSE,FALSE,FALSE,FALSE,0
070612ChrisAM,Rheg,02:00:00,3,0,0,0,0,1,FALSE,FALSE,FALSE,FALSE,2
070612ChrisAM,Rheg,00:51:00,1,0,0,0,0,0,FALSE,FALSE,FALSE,FALSE,1
070613SharonPM,Rheg,01:32:00,1,0,0,0,0,1,FALSE,FALSE,FALSE,FALSE,0
070613SharonPM,Rheg,01:42:00,1,0,0,0,0,1,FALSE,FALSE,FALSE,FALSE,0
070613SharonPM,Rheg,02:20:00,0,0,0,0,0,0,FALSE,FALSE,FALSE,FALSE,0
070613SharonPM,Rheg,00:51:00,1,0,0,0,0,0,FALSE,FALSE,FALSE,FALSE,1
070613SharonAM,Rheg,00:39:00,1,0,0,0,0,0,FALSE,FALSE,FALSE,FALSE,1
070612ChrisAM,G. sal,02:08:00,0,1,0,0,0,0,TRUE,FALSE,FALSE,FALSE,0
070612KathyAM,G. sal,01:59:00,3,0,0,0,0,1,FALSE,FALSE,FALSE,FALSE,2
070614RaniAM,M. fort,00:00:01,0,1,0,1,0,0,TRUE,FALSE,TRUE,FALSE,0
070614RaniAM,M. fort,00:00:04,2,0,0,0,0,1,FALSE,FALSE,FALSE,FALSE,1
070614RaniAM,M. fort,00:00:03,2,0,0,0,0,1,FALSE,FALSE,FALSE,FALSE,1
070614RaniAM,M. fort,00:00:02,1,0,0,0,0,1,FALSE,FALSE,FALSE,FALSE,0
070614RaniAM,M. fort,00:00:02,2,0,0,1,0,2,FALSE,FALSE,TRUE,FALSE,0
070614RaniAM,M. fort,00:00:00,1,0,0,0,0,1,FALSE,FALSE,FALSE,FALSE,0
070615RaniAM,M. fort,00:00:01,1,0,0,0,0,1,FALSE,FALSE,FALSE,FALSE,0
070615RaniAM,M. fort,00:00:00,1,0,0,0,0,0,FALSE,FALSE,FALSE,FALSE,1
070614RaniAM,Rheg,00:00:02,1,0,0,1,0,1,FALSE,FALSE,TRUE,FALSE,0
070614RaniAM,Rheg,00:00:03,5,1,0,2,0,4,TRUE,FALSE,TRUE,FALSE,1
070614RaniAM,Rheg,00:00:01,1,0,0,0,0,1,FALSE,FALSE,FALSE,FALSE,0
070614RaniAM,Rheg,00:00:01,3,0,0,0,0,1,FALSE,FALSE,FALSE,FALSE,2
070614RaniAM,Rheg,00:00:01,0,0,0,0,0,0,FALSE,FALSE,FALSE,FALSE,0
070614RaniAM,Rheg,00:00:01,0,0,1,0,1,0,FALSE,TRUE,FALSE,TRUE,0
070614RaniAM,Rheg,00:00:01,1,0,0,0,0,1,FALSE,FALSE,FALSE,FALSE,0
070614RaniAM,Rheg,00:00:01,2,0,1,0,0,2,FALSE,TRUE,FALSE,FALSE,0
070614RaniAM,Rheg,00:00:01,0,0,0,0,0,0,FALSE,FALSE,FALSE,FALSE,0
070614RaniAM,Rheg,00:00:01,2,0,0,0,0,2,FALSE,FALSE,FALSE,FALSE,0
070614RaniAM,Rheg,00:00:02,5,0,0,0,0,4,FALSE,FALSE,FALSE,FALSE,1
070614RaniAM,Rheg,00:00:01,3,1,0,0,0,2,TRUE,FALSE,FALSE,FALSE,1
070614RaniAM,Rheg,00:00:01,1,0,0,0,0,0,FALSE,FALSE,FALSE,FALSE,1
070614RaniAM,Rheg,00:00:02,0,0,0,0,0,0,FALSE,FALSE,FALSE,FALSE,0
070615RaniAM,Rheg,00:00:01,4,0,0,0,0,2,FALSE,FALSE,FALSE,FALSE,2
070615RaniAM,Rheg,00:00:00,2,0,0,0,0,0,FALSE,FALSE,FALSE,FALSE,2
070615RaniAM,Rheg,00:00:02,2,0,0,0,0,1,FALSE,FALSE,FALSE,FALSE,1
070615RaniAM,Rheg,00:00:01,2,2,0,0,0,0,TRUE,FALSE,FALSE,FALSE,2
070615RaniAM,Rheg,00:00:01,2,2,0,0,0,1,TRUE,FALSE,FALSE,FALSE,1
070615RaniAM,Rheg,00:00:01,3,0,0,0,0,1,FALSE,FALSE,FALSE,FALSE,2
070615RaniAM,Rheg,00:00:01,0,0,0,0,0,0,FALSE,FALSE,FALSE,FALSE,0
070615RaniAM,Rheg,00:00:01,3,0,0,0,0,1,FALSE,FALSE,FALSE,FALSE,2
070615RaniAM,Rheg,00:00:03,5,0,0,0,0,1,FALSE,FALSE,FALSE,FALSE,4
070615RaniAM,Rheg,00:00:01,3,1,0,0,0,0,TRUE,FALSE,FALSE,FALSE,3
070615RaniAM,Rheg,00:00:01,3,0,0,0,0,1,FALSE,FALSE,FALSE,FALSE,2
070615RaniAM,Rheg,00:00:01,2,0,1,0,0,0,FALSE,TRUE,FALSE,FALSE,2
070615RaniAM,Rheg,00:00:01,3,0,0,0,0,0,FALSE,FALSE,FALSE,FALSE,3
070615RaniAM,Rheg,00:00:01,2,0,1,0,0,0,FALSE,TRUE,FALSE,FALSE,2
070615RaniAM,Rheg,00:00:01,1,1,0,0,0,1,TRUE,FALSE,FALSE,FALSE,0
070615RaniAM,Rheg,00:00:02,2,0,0,0,0,1,FALSE,FALSE,FALSE,FALSE,1
070614RaniAM,G. sal,00:00:01,2,1,0,0,0,1,TRUE,FALSE,FALSE,FALSE,1
070614RaniAM,G. sal,00:00:01,1,0,0,0,0,1,FALSE,FALSE,FALSE,FALSE,0
070614RaniAM,G. sal,00:00:03,6,0,0,0,0,2,FALSE,FALSE,FALSE,FALSE,4
070614RaniAM,G. sal,00:00:02,0,1,1,0,0,0,TRUE,TRUE,FALSE,FALSE,0
070614RaniAM,G. sal,00:00:03,1,0,0,0,0,1,FALSE,FALSE,FALSE,FALSE,0
070614RaniAM,G. sal,00:00:01,1,3,0,0,0,0,TRUE,FALSE,FALSE,FALSE,1
070614RaniAM,G. sal,00:00:04,2,0,0,0,0,2,FALSE,FALSE,FALSE,FALSE,0
070614RaniAM,G. sal,00:00:02,3,1,0,0,0,2,TRUE,FALSE,FALSE,FALSE,1
070614RaniAM,G. sal,00:00:01,1,0,0,0,0,1,FALSE,FALSE,FALSE,FALSE,0
070614RaniAM,G. sal,00:00:02,0,0,0,0,0,0,FALSE,FALSE,FALSE,FALSE,0
070614RaniAM,G. sal,00:00:01,0,0,0,0,0,0,FALSE,FALSE,FALSE,FALSE,0
070614RaniAM,G. sal,00:00:01,1,0,0,0,0,1,FALSE,FALSE,FALSE,FALSE,0
070615RaniAM,G. sal,00:00:01,2,0,0,0,0,0,FALSE,FALSE,FALSE,FALSE,2
070615RaniPM,M. fort,00:00:01,3,0,0,0,0,3,FALSE,FALSE,FALSE,FALSE,0
070615RaniPM,M. fort,00:00:02,3,0,0,0,0,0,FALSE,FALSE,FALSE,FALSE,3
070615RaniPM,M. fort,00:00:02,1,0,0,0,0,1,FALSE,FALSE,FALSE,FALSE,0
070616ChrisPM,M. fort,00:00:02,3,0,0,0,0,2,FALSE,FALSE,FALSE,FALSE,1
070616ChrisPM,M. fort,00:00:04,3,0,0,1,0,0,FALSE,FALSE,TRUE,FALSE,3
070618ChrisPM,M. fort,00:00:03,0,0,0,0,0,0,FALSE,FALSE,FALSE,FALSE,0
070619NellyAM,M. fort,00:00:02,3,0,0,1,0,1,FALSE,FALSE,TRUE,FALSE,2
070619NellyAM,M. fort,00:00:02,5,0,0,1,0,4,FALSE,FALSE,TRUE,FALSE,1
070619NellyAM,M. fort,00:00:01,2,0,0,0,0,1,FALSE,FALSE,FALSE,FALSE,1
070619NellyAM,M. fort,00:00:01,0,0,0,1,0,0,FALSE,FALSE,TRUE,FALSE,0
070619ChrisAM,M. fort,00:00:00,1,0,0,0,0,1,FALSE,FALSE,FALSE,FALSE,0
070619ChrisAM,M. fort,00:00:01,1,0,0,0,0,1,FALSE,FALSE,FALSE,FALSE,0
070619ChrisAM,M. fort,00:00:01,2,0,0,0,0,1,FALSE,FALSE,FALSE,FALSE,1
070619ChrisAM,M. fort,00:00:00,2,0,0,0,0,1,FALSE,FALSE,FALSE,FALSE,1
070619ChrisAM,M. fort,00:00:01,2,0,0,0,0,1,FALSE,FALSE,FALSE,FALSE,1
070615RaniPM,D. mer,00:00:01,0,0,0,0,0,0,FALSE,FALSE,FALSE,FALSE,0
070615RaniPM,D. mer,00:00:01,0,1,0,0,0,0,TRUE,FALSE,FALSE,FALSE,0
070615RaniPM,D. mer,00:00:03,0,0,0,0,0,0,FALSE,FALSE,FALSE,FALSE,0
070615RaniPM,D. mer,00:00:01,1,0,0,0,0,1,FALSE,FALSE,FALSE,FALSE,0
070615RaniPM,D. mer,00:00:01,0,0,0,0,0,0,FALSE,FALSE,FALSE,FALSE,0
070615RaniPM,D. mer,00:00:01,1,0,0,0,0,1,FALSE,FALSE,FALSE,FALSE,0
070615RaniPM,D. mer,00:00:01,0,0,0,0,0,0,FALSE,FALSE,FALSE,FALSE,0
070615RaniPM,D. mer,00:00:05,3,1,0,0,0,3,TRUE,FALSE,FALSE,FALSE,0
070615RaniPM,D. mer,00:00:01,0,0,0,0,0,0,FALSE,FALSE,FALSE,FALSE,0
070615RaniPM,D. mer,00:00:04,0,0,0,0,0,0,FALSE,FALSE,FALSE,FALSE,0
070615RaniPM,D. mer,00:00:03,0,0,0,0,0,0,FALSE,FALSE,FALSE,FALSE,0
070615RaniPM,D. mer,00:00:04,0,0,0,0,0,0,FALSE,FALSE,FALSE,FALSE,0
070616RaniAM,D. mer,00:00:02,0,0,0,0,0,0,FALSE,FALSE,FALSE,FALSE,0
070616RaniAM,D. mer,00:00:01,1,1,0,0,0,0,TRUE,FALSE,FALSE,FALSE,1
070616RaniAM,D. mer,00:00:01,1,0,0,0,0,0,FALSE,FALSE,FALSE,FALSE,1
070616RaniAM,D. mer,00:00:00,1,0,0,0,0,0,FALSE,FALSE,FALSE,FALSE,1
070616RaniAM,D. mer,00:00:02,0,0,0,0,0,0,FALSE,FALSE,FALSE,FALSE,0
070616ChrisAM,D. mer,00:00:01,0,0,1,0,0,0,FALSE,TRUE,FALSE,FALSE,0
070616ChrisAM,D. mer,00:00:01,1,0,0,0,0,1,FALSE,FALSE,FALSE,FALSE,0
070616ChrisAM,D. mer,00:00:01,2,0,0,0,0,1,FALSE,FALSE,FALSE,FALSE,1
070616ChrisAM,D. mer,00:00:01,0,0,0,0,0,0,FALSE,FALSE,FALSE,FALSE,0
070618KathyAM,D. mer,00:00:04,0,0,0,0,0,0,FALSE,FALSE,FALSE,FALSE,0
070619NellyAM,D. mer,00:00:02,1,0,0,0,0,1,FALSE,FALSE,FALSE,FALSE,0
070619NellyAM,D. mer,00:00:01,1,0,0,0,0,1,FALSE,FALSE,FALSE,FALSE,0
070619NellyAM,D. mer,00:00:01,1,0,0,0,0,1,FALSE,FALSE,FALSE,FALSE,0
070619Norma-JeanAM,D. mer,00:00:01,0,0,0,0,0,0,FALSE,FALSE,FALSE,FALSE,0
070619Norma-JeanAM,D. mer,00:00:01,0,0,0,0,0,0,FALSE,FALSE,FALSE,FALSE,0
070619Norma-JeanAM,D. mer,01:08:00,0,0,0,0,0,0,FALSE,FALSE,FALSE,FALSE,0
070620ChrisAM,M. fort,01:11:00,0,0,0,1,0,0,FALSE,FALSE,TRUE,FALSE,0
070620ChrisAM,M. fort,03:06:00,1,0,0,0,0,1,FALSE,FALSE,FALSE,FALSE,0
070620ChrisAM,M. fort,02:21:00,5,0,0,1,0,1,FALSE,FALSE,TRUE,FALSE,4
070620ChrisAM,M. fort,03:45:00,0,0,0,0,0,0,FALSE,FALSE,FALSE,FALSE,0
070620ChrisAM,M. fort,01:11:00,1,0,0,0,0,1,FALSE,FALSE,FALSE,FALSE,0
070619KathyAM,D. mer,01:10:00,1,0,0,0,0,1,FALSE,FALSE,FALSE,FALSE,0
070619KathyAM,D. mer,02:57:00,1,0,0,0,0,1,FALSE,FALSE,FALSE,FALSE,0
070619ChrisAM,D. mer,02:00:00,0,0,0,0,0,0,FALSE,FALSE,FALSE,FALSE,0
070619ChrisAM,D. mer,02:00:00,1,0,0,0,1,1,FALSE,FALSE,FALSE,TRUE,0
070619ChrisAM,D. mer,00:34:00,1,0,0,1,0,1,FALSE,FALSE,TRUE,FALSE,0
070619ChrisAM,D. mer,01:24:00,4,0,0,0,0,2,FALSE,FALSE,FALSE,FALSE,2
070619ChrisAM,D. mer,01:00:00,1,0,0,0,0,1,FALSE,FALSE,FALSE,FALSE,0
070619ChrisAM,D. mer,02:33:00,0,0,0,0,0,0,FALSE,FALSE,FALSE,FALSE,0
070619ChrisAM,D. mer,01:52:00,0,0,0,0,0,0,FALSE,FALSE,FALSE,FALSE,0
070620RaniAM,D. mer,01:00:00,0,0,0,0,1,0,FALSE,FALSE,FALSE,TRUE,0
070620RaniAM,D. mer,01:07:00,1,0,0,0,0,1,FALSE,FALSE,FALSE,FALSE,0
070621KathyAM,D. mer,02:42:00,1,0,0,0,0,1,FALSE,FALSE,FALSE,FALSE,0
070621KathyAM,D. mer,01:07:00,0,0,0,0,0,0,FALSE,FALSE,FALSE,FALSE,0
070615RaniPM,Rheg,01:13:00,5,0,0,0,0,4,FALSE,FALSE,FALSE,FALSE,1
070616ChrisPM,Rheg,01:13:00,1,2,0,0,0,1,TRUE,FALSE,FALSE,FALSE,0
070616ChrisPM,Rheg,04:50:00,0,0,0,0,0,0,FALSE,FALSE,FALSE,FALSE,0
070616ChrisPM,Rheg,03:45:00,2,1,0,0,0,1,TRUE,FALSE,FALSE,FALSE,1
070616ChrisPM,Rheg,02:33:00,3,1,0,0,0,2,TRUE,FALSE,FALSE,FALSE,1
070616ChrisAM,Rheg,01:00:00,3,0,0,0,0,2,FALSE,FALSE,FALSE,FALSE,1
070616ChrisAM,Rheg,01:00:00,0,0,0,0,0,0,FALSE,FALSE,FALSE,FALSE,0
070618ChrisPM,Rheg,03:33:00,1,0,0,0,0,1,FALSE,FALSE,FALSE,FALSE,0
070618ChrisPM,Rheg,02:20:00,0,0,0,0,0,0,FALSE,FALSE,FALSE,FALSE,0
070618ChrisPM,Rheg,01:37:00,3,1,0,0,0,1,TRUE,FALSE,FALSE,FALSE,2
070618ChrisPM,Rheg,01:43:00,1,0,0,0,0,1,FALSE,FALSE,FALSE,FALSE,0
070618ChrisPM,Rheg,01:47:00,0,0,0,1,0,0,FALSE,FALSE,TRUE,FALSE,0
070619NellyAM,Rheg,02:03:00,2,0,0,0,0,1,FALSE,FALSE,FALSE,FALSE,1
070619NellyAM,Rheg,03:26:00,2,0,0,0,0,2,FALSE,FALSE,FALSE,FALSE,0
070619NellyAM,Rheg,02:46:00,1,0,0,0,0,1,FALSE,FALSE,FALSE,FALSE,0
070619NellyAM,Rheg,03:31:00,4,0,0,0,0,4,FALSE,FALSE,FALSE,FALSE,0
070619NellyAM,Rheg,02:45:00,1,0,0,0,0,1,FALSE,FALSE,FALSE,FALSE,0
070619NellyAM,Rheg,02:42:00,3,0,0,0,0,2,FALSE,FALSE,FALSE,FALSE,1
070618ChrisAM,Rheg,01:38:00,5,0,0,0,0,3,FALSE,FALSE,FALSE,FALSE,2
070619ChrisAM,Rheg,01:50:00,0,0,0,0,0,0,FALSE,FALSE,FALSE,FALSE,0
070619ChrisAM,Rheg,01:51:00,3,0,0,0,0,3,FALSE,FALSE,FALSE,FALSE,0
070619ChrisAM,Rheg,00:35:00,1,0,0,0,0,1,FALSE,FALSE,FALSE,FALSE,0
070619ChrisAM,Rheg,02:02:00,0,0,0,0,0,0,FALSE,FALSE,FALSE,FALSE,0
070619ChrisAM,Rheg,02:30:00,1,0,0,0,0,0,FALSE,FALSE,FALSE,FALSE,1
070619ChrisAM,Rheg,01:11:00,1,0,0,0,0,1,FALSE,FALSE,FALSE,FALSE,0
070619ChrisAM,Rheg,00:53:00,2,0,0,0,0,1,FALSE,FALSE,FALSE,FALSE,1
070619ChrisAM,Rheg,00:53:00,1,0,0,0,0,1,FALSE,FALSE,FALSE,FALSE,0
070619ChrisAM,Rheg,01:15:00,1,0,0,0,0,1,FALSE,FALSE,FALSE,FALSE,0
070620ChrisAM,Rheg,02:35:00,1,0,0,0,0,1,FALSE,FALSE,FALSE,FALSE,0
070620ChrisAM,Rheg,02:10:00,4,0,0,0,1,3,FALSE,FALSE,FALSE,TRUE,1
070620ChrisAM,Rheg,03:33:00,1,0,0,0,0,1,FALSE,FALSE,FALSE,FALSE,0
070620ChrisAM,Rheg,04:02:00,1,0,0,0,0,1,FALSE,FALSE,FALSE,FALSE,0
070616RaniAM,G. sal,01:11:00,0,0,0,0,0,0,FALSE,FALSE,FALSE,FALSE,0
070616RaniAM,G. sal,01:05:00,1,0,0,0,0,0,FALSE,FALSE,FALSE,FALSE,1
070616RaniAM,G. sal,02:25:00,7,0,0,0,0,2,FALSE,FALSE,FALSE,FALSE,5
070616RaniAM,G. sal,01:23:00,2,0,0,0,0,0,FALSE,FALSE,FALSE,FALSE,2
070616RaniAM,G. sal,01:29:00,2,0,0,0,0,2,FALSE,FALSE,FALSE,FALSE,0
070616RaniAM,G. sal,02:40:00,0,0,0,0,0,0,FALSE,FALSE,FALSE,FALSE,0
070616RaniAM,G. sal,01:48:00,0,0,0,0,0,0,FALSE,FALSE,FALSE,FALSE,0
070616RaniAM,G. sal,02:17:00,4,0,0,0,0,2,FALSE,FALSE,FALSE,FALSE,2
070616RaniAM,G. sal,00:44:00,1,0,0,0,0,1,FALSE,FALSE,FALSE,FALSE,0
070616RaniAM,G. sal,01:12:00,1,0,0,0,0,0,FALSE,FALSE,FALSE,FALSE,1
070616RaniAM,G. sal,00:56:00,2,0,0,0,0,1,FALSE,FALSE,FALSE,FALSE,1
070616RaniAM,G. sal,00:53:00,1,0,0,0,0,0,FALSE,FALSE,FALSE,FALSE,1
070616ChrisAM,G. sal,01:05:00,2,0,0,0,0,0,FALSE,FALSE,FALSE,FALSE,2
070616ChrisAM,G. sal,01:00:00,0,1,0,0,0,0,TRUE,FALSE,FALSE,FALSE,0
070619NellyAM,G. sal,01:19:00,2,1,0,0,0,1,TRUE,FALSE,FALSE,FALSE,1
070619NellyAM,Rheg,01:14:00,4,0,0,0,0,4,FALSE,FALSE,FALSE,FALSE,0
070619NellyAM,G. sal,02:15:00,3,0,0,0,0,2,FALSE,FALSE,FALSE,FALSE,1
070619Norma-JeanAM,G. sal,01:07:00,1,0,0,0,0,1,FALSE,FALSE,FALSE,FALSE,0
070618ChrisAM,G. sal,01:35:00,0,0,0,0,0,0,FALSE,FALSE,FALSE,FALSE,0
070818ChrisAM,G. sal,01:15:00,1,0,0,0,0,1,FALSE,FALSE,FALSE,FALSE,0
070619ChrisAM,G. sal,02:41:00,2,0,0,0,0,0,FALSE,FALSE,FALSE,FALSE,2
070619ChrisAM,G. sal,01:00:00,0,0,0,0,0,0,FALSE,FALSE,FALSE,FALSE,0
070622ChrisAM,M. fort,02:14:00,0,0,0,0,0,0,FALSE,FALSE,FALSE,FALSE,0
070622ChrisPM,M. fort,01:03:00,0,0,0,0,0,0,FALSE,FALSE,FALSE,FALSE,0
070622ChrisPM,M. fort,01:27:00,3,0,0,0,0,2,FALSE,FALSE,FALSE,FALSE,1
070622ChrisPM,M. fort,01:43:00,2,0,0,0,0,1,FALSE,FALSE,FALSE,FALSE,1
070622ChrisPM,M. fort,01:19:00,1,0,0,1,0,1,FALSE,FALSE,TRUE,FALSE,0
070622ChrisPM,M. fort,04:30:00,0,0,0,0,0,0,FALSE,FALSE,FALSE,FALSE,0
070622ChrisPM,M. fort,03:54:00,5,0,0,0,0,2,FALSE,FALSE,FALSE,FALSE,3
070622ChrisPM,M. fort,01:00:00,1,0,0,0,0,1,FALSE,FALSE,FALSE,FALSE,0
070619Norma-JeanAM,D. mer,01:51:00,1,0,0,0,0,1,FALSE,FALSE,FALSE,FALSE,0
070619Norma-JeanAM,D. mer,01:36:00,2,0,0,0,0,1,FALSE,FALSE,FALSE,FALSE,1
070619Norma-JeanAM,D. mer,01:03:00,0,0,0,0,1,0,FALSE,FALSE,FALSE,TRUE,0
070619Norma-JeanAM,D. mer,01:07:00,0,0,0,0,0,0,FALSE,FALSE,FALSE,FALSE,0
070622RaniAM,D. mer,00:46:00,0,0,1,0,0,0,FALSE,TRUE,FALSE,FALSE,0
070622RaniAM,D. mer,01:43:00,0,0,0,0,1,0,FALSE,FALSE,FALSE,TRUE,0
070622RaniAM,D. mer,00:40:00,0,0,1,0,0,0,FALSE,TRUE,FALSE,FALSE,0
070622RaniAM,D. mer,01:15:00,1,0,0,0,1,1,FALSE,FALSE,FALSE,TRUE,0
070622RaniAM,D. mer,00:54:00,2,0,0,0,0,1,FALSE,FALSE,FALSE,FALSE,1
070622RaniAM,D. mer,01:28:00,0,0,0,0,2,0,FALSE,FALSE,FALSE,TRUE,0
070622RaniAM,D. mer,01:30:00,2,0,0,0,0,0,FALSE,FALSE,FALSE,FALSE,2
070622RaniAM,D. mer,00:43:00,0,0,2,0,0,0,FALSE,TRUE,FALSE,FALSE,0
070622RaniAM,D. mer,01:20:00,0,0,0,0,0,0,FALSE,FALSE,FALSE,FALSE,0
070622ChrisPM,D. mer,01:01:00,0,0,0,0,0,0,FALSE,FALSE,FALSE,FALSE,0
070622ChrisPM,D. mer,01:29:00,1,0,0,0,0,1,FALSE,FALSE,FALSE,FALSE,0
070616ChrisAM,Rheg,02:09:00,1,0,0,0,0,1,FALSE,FALSE,FALSE,FALSE,0
070622RaniAM,Rheg,01:00:00,1,0,0,0,0,1,FALSE,FALSE,FALSE,FALSE,0
070622RaniAM,Rheg,02:57:00,4,0,0,0,0,2,FALSE,FALSE,FALSE,FALSE,2
070622RaniAM,Rheg,03:01:00,0,0,0,0,0,0,FALSE,FALSE,FALSE,FALSE,0
070622RaniAM,Rheg,00:57:00,0,0,0,0,0,0,FALSE,FALSE,FALSE,FALSE,0
070622ChrisPM,Rheg,01:39:00,2,0,0,0,0,1,FALSE,FALSE,FALSE,FALSE,1
070622ChrisPM,Rheg,01:18:00,5,0,0,0,1,1,FALSE,FALSE,FALSE,TRUE,4
070622ChrisPM,Rheg,01:10:00,2,0,0,0,0,2,FALSE,FALSE,FALSE,FALSE,0
070622ChrisPM,Rheg,02:52:00,1,0,0,0,0,1,FALSE,FALSE,FALSE,FALSE,0
070622ChrisPM,Rheg,01:29:00,1,0,0,0,0,1,FALSE,FALSE,FALSE,FALSE,0
070622ChrisPM,Rheg,01:17:00,1,0,0,0,0,0,FALSE,FALSE,FALSE,FALSE,1
070622ChrisPM,Rheg,01:11:00,1,0,0,0,1,1,FALSE,FALSE,FALSE,TRUE,0
070622ChrisPM,Rheg,01:19:00,1,0,0,0,0,1,FALSE,FALSE,FALSE,FALSE,0
070622ChrisPM,Rheg,01:25:00,0,0,0,0,0,0,FALSE,FALSE,FALSE,FALSE,0
070622ChrisPM,Rheg,02:12:00,1,0,0,0,0,1,FALSE,FALSE,FALSE,FALSE,0
070622ChrisPM,Rheg,02:08:00,5,0,0,0,0,4,FALSE,FALSE,FALSE,FALSE,1
070622ChrisPM,Rheg,03:09:00,5,0,0,0,0,3,FALSE,FALSE,FALSE,FALSE,2
070622ChrisPM,Rheg,01:46:00,1,0,0,0,0,1,FALSE,FALSE,FALSE,FALSE,0
070622ChrisPM,Rheg,01:59:00,1,1,0,0,0,1,TRUE,FALSE,FALSE,FALSE,0
070622RaniAM,G. sal,00:54:00,1,1,0,0,0,1,TRUE,FALSE,FALSE,FALSE,0
070622RaniAM,G. sal,02:14:00,0,0,0,0,0,0,FALSE,FALSE,FALSE,FALSE,0
070622RaniAM,G. sal,00:43:00,1,0,0,0,0,1,FALSE,FALSE,FALSE,FALSE,0
070622ChrisPM,G. sal,01:03:00,1,0,0,0,0,1,FALSE,FALSE,FALSE,FALSE,0
070622ChrisPM,G. sal,01:56:00,1,0,0,0,0,1,FALSE,FALSE,FALSE,FALSE,0
070622ChrisPM,G. sal,01:54:00,0,0,0,0,0,0,FALSE,FALSE,FALSE,FALSE,0
070622ChrisPM,G. sal,01:01:00,0,0,0,0,0,0,FALSE,FALSE,FALSE,FALSE,0
070622ChrisPM,G. sal,01:14:00,0,1,0,0,0,0,TRUE,FALSE,FALSE,FALSE,0
070622ChrisPM,G. sal,01:45:00,1,0,0,0,0,1,FALSE,FALSE,FALSE,FALSE,0
070614RaniAM,Phleg,01:34:00,0,0,0,0,0,0,FALSE,FALSE,FALSE,FALSE,0
070614RaniAM,Phleg,01:05:00,2,0,0,0,0,2,FALSE,FALSE,FALSE,FALSE,0
070614RaniAM,Phleg,02:59:00,2,0,2,1,0,2,FALSE,TRUE,TRUE,FALSE,0
070614RaniAM,Phleg,01:53:00,0,0,0,0,0,0,FALSE,FALSE,FALSE,FALSE,0
070614RaniAM,Phleg,01:00:00,0,0,0,0,0,0,FALSE,FALSE,FALSE,FALSE,0
070614RaniAM,Phleg,00:48:00,0,0,0,1,0,0,FALSE,FALSE,TRUE,FALSE,0
070615RaniAM,Phleg,00:51:00,2,0,0,0,0,1,FALSE,FALSE,FALSE,FALSE,1
070614RaniAM,Phleg,01:08:00,0,0,0,0,0,0,FALSE,FALSE,FALSE,FALSE,0
070615RaniAM,Phleg,00:46:00,1,0,0,0,0,0,FALSE,FALSE,FALSE,FALSE,1
070615RaniAM,Phleg,01:15:00,4,0,0,0,0,2,FALSE,FALSE,FALSE,FALSE,2
070615RaniAM,Phleg,02:34:00,7,0,0,2,0,1,FALSE,FALSE,TRUE,FALSE,6
070615RaniAM,Phleg,02:26:00,3,0,0,2,0,1,FALSE,FALSE,TRUE,FALSE,2
070615RaniAM,Phleg,01:11:00,3,0,0,0,0,1,FALSE,FALSE,FALSE,FALSE,2
070615RaniAM,Phleg,00:36:00,2,0,0,0,0,1,FALSE,FALSE,FALSE,FALSE,1
070615RaniAM,Phleg,01:05:00,0,0,0,1,0,0,FALSE,FALSE,TRUE,FALSE,0
070615RaniAM,Phleg,01:08:00,3,0,0,0,0,0,FALSE,FALSE,FALSE,FALSE,3
070615RaniAM,Phleg,02:41:00,2,0,0,1,0,1,FALSE,FALSE,TRUE,FALSE,1
070616RaniAM,Phleg,01:29:00,0,0,0,0,0,0,FALSE,FALSE,FALSE,FALSE,0
070616RaniAM,Phleg,01:04:00,2,0,0,0,0,2,FALSE,FALSE,FALSE,FALSE,0
070616RaniAM,Phleg,01:39:00,6,0,0,0,0,2,FALSE,FALSE,FALSE,FALSE,4
070616RaniAM,Phleg,01:01:00,0,0,0,0,0,0,FALSE,FALSE,FALSE,FALSE,0
070616RaniAM,Phleg,01:58:00,2,0,0,0,0,1,FALSE,FALSE,FALSE,FALSE,1
070616RaniAM,Phleg,00:48:00,2,0,0,0,0,1,FALSE,FALSE,FALSE,FALSE,1
070616RaniAM,Phleg,00:54:00,1,0,0,0,0,1,FALSE,FALSE,FALSE,FALSE,0
070616RaniAM,Phleg,01:23:00,3,0,0,0,0,2,FALSE,FALSE,FALSE,FALSE,1
070616RaniAM,Phleg,00:52:00,2,0,0,0,1,2,FALSE,FALSE,FALSE,TRUE,0
070616RaniAM,Phleg,02:31:00,6,0,1,0,0,3,FALSE,TRUE,FALSE,FALSE,3
070619Norma-JeanAM,Phleg,01:09:00,0,0,0,0,0,0,FALSE,FALSE,FALSE,FALSE,0
070620ChrisAM,Phleg,01:25:00,3,0,0,0,0,1,FALSE,FALSE,FALSE,FALSE,2
070620ChrisAM,Phleg,02:29:00,1,0,0,0,0,1,FALSE,FALSE,FALSE,FALSE,0
070620ChrisAM,Phleg,01:28:00,1,0,0,0,0,0,FALSE,FALSE,FALSE,FALSE,1
070620ChrisAM,Phleg,01:43:00,2,0,0,0,0,2,FALSE,FALSE,FALSE,FALSE,0
070621KathyAM,Phleg,01:12:00,0,0,0,0,0,0,FALSE,FALSE,FALSE,FALSE,0
070621RaniAM,Phleg,01:47:00,1,0,0,0,0,1,FALSE,FALSE,FALSE,FALSE,0
070622ChrisPM,Phleg,01:33:00,2,1,0,0,0,0,TRUE,FALSE,FALSE,FALSE,2
070622ChrisPM,Phleg,01:25:00,0,0,0,0,0,0,FALSE,FALSE,FALSE,FALSE,0
070622ChrisPM,Phleg,01:27:00,0,1,0,0,0,0,TRUE,FALSE,FALSE,FALSE,0
070622ChrisPM,Phleg,01:08:00,0,0,0,0,0,0,FALSE,FALSE,FALSE,FALSE,0
070622ChrisPM,Phleg,01:13:00,0,0,0,0,0,0,FALSE,FALSE,FALSE,FALSE,0
070622ChrisPM,Phleg,01:02:00,1,0,0,0,0,1,FALSE,FALSE,FALSE,FALSE,0
070622ChrisPM,Phleg,01:37:00,1,0,0,0,0,1,FALSE,FALSE,FALSE,FALSE,0
070622ChrisPM,Phleg,04:45:00,0,0,0,0,0,0,FALSE,FALSE,FALSE,FALSE,0
080701Celina,Phleg,02:04:00,5,0,0,0,0,1,FALSE,FALSE,FALSE,FALSE,4
080701Celina,Phleg,02:13:00,3,0,0,0,0,2,FALSE,FALSE,FALSE,FALSE,1
080704Celina,Phleg,01:07:00,0,0,0,0,0,0,FALSE,FALSE,FALSE,FALSE,0
080704Celina,Phleg,02:40:00,1,0,0,0,0,0,FALSE,FALSE,FALSE,FALSE,1
080704Celina,Phleg,01:13:00,2,0,1,0,0,2,FALSE,TRUE,FALSE,FALSE,0
080704Celina,Phleg,01:02:00,3,0,0,0,0,1,FALSE,FALSE,FALSE,FALSE,2
080704Celina,Phleg,04:44:00,5,0,0,0,0,5,FALSE,FALSE,FALSE,FALSE,0
080704Celina,Phleg,01:14:00,4,0,0,0,0,4,FALSE,FALSE,FALSE,FALSE,0
080702Celina,Phleg,01:47:00,0,0,0,1,0,0,FALSE,FALSE,TRUE,FALSE,0
080704Negra,Phleg,02:29:00,4,0,0,0,0,3,FALSE,FALSE,FALSE,FALSE,1
080704Negra,Phleg,01:01:00,1,0,0,0,0,1,FALSE,FALSE,FALSE,FALSE,0
080705Celina,Phleg,02:05:00,0,0,0,1,0,0,FALSE,FALSE,TRUE,FALSE,0
080705Celina,Phleg,01:45:00,2,0,0,0,0,2,FALSE,FALSE,FALSE,FALSE,0
080705Celina,Phleg,01:06:00,1,0,0,0,0,1,FALSE,FALSE,FALSE,FALSE,0
080705Celina,Phleg,04:59:00,6,0,0,0,0,5,FALSE,FALSE,FALSE,FALSE,1
080705Celina,Phleg,01:17:00,3,0,0,0,1,2,FALSE,FALSE,FALSE,TRUE,1
080705Celina,Phleg,01:36:00,0,0,0,1,0,0,FALSE,FALSE,TRUE,FALSE,0
080705Celina,Phleg,03:26:00,1,0,0,0,0,1,FALSE,FALSE,FALSE,FALSE,0
080705Celina,Phleg,04:13:00,6,0,0,0,0,5,FALSE,FALSE,FALSE,FALSE,1
080705Celina,Phleg,01:01:00,5,0,0,2,0,2,FALSE,FALSE,TRUE,FALSE,3
080705Celina,Phleg,01:50:00,0,0,0,0,0,0,FALSE,FALSE,FALSE,FALSE,0
080705Celina,Phleg,02:02:00,0,0,0,0,0,0,FALSE,FALSE,FALSE,FALSE,0
080705Celina,Phleg,02:00:00,1,0,0,1,0,1,FALSE,FALSE,TRUE,FALSE,0
080705Celina,Phleg,01:33:00,3,0,0,1,0,1,FALSE,FALSE,TRUE,FALSE,2
080705Celina,Phleg,04:22:00,1,0,0,0,0,1,FALSE,FALSE,FALSE,FALSE,0
080705Celina,Phleg,01:08:00,1,0,0,0,0,1,FALSE,FALSE,FALSE,FALSE,0
080705Celina,Phleg,01:07:00,2,0,0,0,0,2,FALSE,FALSE,FALSE,FALSE,0
080705Celina,Phleg,01:15:00,1,0,0,0,0,1,FALSE,FALSE,FALSE,FALSE,0
080625Celina,Phleg,01:46:00,1,0,0,0,0,1,FALSE,FALSE,FALSE,FALSE,0
080625Celina,Phleg,00:49:00,0,0,0,0,0,0,FALSE,FALSE,FALSE,FALSE,0
080626Celina,Phleg,02:00:00,3,0,0,0,0,1,FALSE,FALSE,FALSE,FALSE,2
080626Celina,Phleg,01:58:00,0,0,0,1,0,0,FALSE,FALSE,TRUE,FALSE,0
080626Celina,Phleg,01:55:00,3,0,0,0,0,1,FALSE,FALSE,FALSE,FALSE,2
080626Celina,Phleg,02:53:00,3,0,0,0,0,3,FALSE,FALSE,FALSE,FALSE,0
080626Celina,Phleg,01:05:00,0,0,0,0,0,0,FALSE,FALSE,FALSE,FALSE,0
080626Celina,Phleg,01:50:00,2,0,0,0,0,0,FALSE,FALSE,FALSE,FALSE,2
080626Celina,Phleg,05:55:00,7,0,0,0,0,5,FALSE,FALSE,FALSE,FALSE,2
080626Celina,Phleg,02:02:00,1,0,0,0,0,0,FALSE,FALSE,FALSE,FALSE,1
080626Celina,Phleg,00:26:00,1,1,0,0,0,1,TRUE,FALSE,FALSE,FALSE,0
080626Celina,Phleg,04:33:00,0,0,0,0,2,0,FALSE,FALSE,FALSE,TRUE,0
080626Celina,Phleg,02:00:00,2,0,0,0,1,0,FALSE,FALSE,FALSE,TRUE,2
080626Celina,Phleg,04:50:00,6,0,2,0,0,4,FALSE,TRUE,FALSE,FALSE,2
080701Celina,Phleg,03:00:00,1,0,0,0,0,1,FALSE,FALSE,FALSE,FALSE,0
080701Celina,Phleg,01:10:00,2,0,0,0,0,1,FALSE,FALSE,FALSE,FALSE,1
080701Celina,Phleg,00:50:00,0,0,1,0,0,0,FALSE,TRUE,FALSE,FALSE,0
080701Celina,Phleg,02:30:00,2,0,0,0,0,1,FALSE,FALSE,FALSE,FALSE,1
080702Celina,Phleg,01:55:00,5,0,0,1,0,4,FALSE,FALSE,TRUE,FALSE,1
080625Celina,Phleg,05:06:00,2,0,0,0,0,1,FALSE,FALSE,FALSE,FALSE,1
080701Celina,Phleg,01:04:00,1,0,0,0,0,1,FALSE,FALSE,FALSE,FALSE,0
080701Celina,Phleg,01:59:00,1,0,0,0,0,0,FALSE,FALSE,FALSE,FALSE,1
080701Celina,Phleg,03:09:00,6,0,0,0,0,3,FALSE,FALSE,FALSE,FALSE,3
080701Celina,Phleg,02:05:00,0,0,0,0,1,0,FALSE,FALSE,FALSE,TRUE,0
080701Celina,Phleg,03:45:00,3,0,0,0,0,2,FALSE,FALSE,FALSE,FALSE,1
080701Celina,Phleg,01:29:00,2,0,0,0,0,2,FALSE,FALSE,FALSE,FALSE,0
080701Celina,Phleg,01:15:00,4,0,0,0,1,2,FALSE,FALSE,FALSE,TRUE,2
080701Celina,Phleg,03:33:00,6,0,0,0,0,5,FALSE,FALSE,FALSE,FALSE,1
080705Celina,Phleg,03:25:00,8,0,0,0,0,2,FALSE,FALSE,FALSE,FALSE,6
080705Celina,Phleg,03:13:00,6,0,0,0,0,3,FALSE,FALSE,FALSE,FALSE,3
080705Celina,Phleg,02:01:00,3,0,0,0,0,2,FALSE,FALSE,FALSE,FALSE,1
080705Celina,Phleg,01:41:00,3,0,0,0,0,2,FALSE,FALSE,FALSE,FALSE,1
080705Celina,Phleg,01:46:00,2,0,0,0,0,1,FALSE,FALSE,FALSE,FALSE,1
080705Celina,Phleg,03:16:00,3,0,0,0,0,2,FALSE,FALSE,FALSE,FALSE,1
080705Celina,Phleg,02:04:00,3,0,0,0,0,3,FALSE,FALSE,FALSE,FALSE,0
080705Celina,Phleg,01:56:00,3,0,0,0,0,2,FALSE,FALSE,FALSE,FALSE,1
080705Celina,Phleg,01:08:00,1,0,1,0,0,0,FALSE,TRUE,FALSE,FALSE,1
080705Celina,Phleg,01:30:00,1,0,0,0,1,1,FALSE,FALSE,FALSE,TRUE,0
080705Celina,Phleg,02:37:00,2,0,0,0,0,1,FALSE,FALSE,FALSE,FALSE,1
080705Celina,Phleg,01:04:00,5,0,0,0,0,0,FALSE,FALSE,FALSE,FALSE,5
080705Celina,Phleg,01:44:00,1,0,2,0,0,0,FALSE,TRUE,FALSE,FALSE,1
080705Celina,Phleg,01:02:00,2,0,0,0,0,0,FALSE,FALSE,FALSE,FALSE,2
080705Celina,Phleg,02:37:00,5,0,0,0,0,2,FALSE,FALSE,FALSE,FALSE,3
080705Celina,Phleg,01:02:00,1,1,0,0,0,1,TRUE,FALSE,FALSE,FALSE,0
080705Celina,Phleg,01:03:00,1,0,0,0,0,0,FALSE,FALSE,FALSE,FALSE,1
080704Negra,Phleg,03:00:00,2,0,0,0,0,1,FALSE,FALSE,FALSE,FALSE,1
080704Negra,Phleg,04:00:00,2,0,0,0,0,1,FALSE,FALSE,FALSE,FALSE,1
080708Celina,Phleg,02:13:00,1,0,0,0,0,1,FALSE,FALSE,FALSE,FALSE,0
080708Celina,Phleg,01:22:00,2,0,0,0,0,0,FALSE,FALSE,FALSE,FALSE,2
080708Celina,Phleg,02:32:00,1,1,0,0,0,0,TRUE,FALSE,FALSE,FALSE,1
080708Celina,Phleg,01:05:00,2,0,0,0,0,0,FALSE,FALSE,FALSE,FALSE,2
080708Celina,Phleg,01:03:00,1,0,0,0,0,1,FALSE,FALSE,FALSE,FALSE,0
080708Celina,Phleg,01:00:00,4,0,0,0,0,0,FALSE,FALSE,FALSE,FALSE,4
080708Celina,Phleg,01:47:00,2,0,0,0,1,2,FALSE,FALSE,FALSE,TRUE,0
080708Celina,Phleg,01:01:00,1,0,1,0,0,1,FALSE,TRUE,FALSE,FALSE,0
080708Celina,Phleg,01:43:00,1,0,0,0,0,0,FALSE,FALSE,FALSE,FALSE,1
080708Celina,Phleg,01:06:00,1,0,0,0,1,0,FALSE,FALSE,FALSE,TRUE,1
080708Celina,Phleg,01:58:00,3,0,0,0,0,2,FALSE,FALSE,FALSE,FALSE,1
080708Celina,Phleg,02:49:00,3,1,0,0,0,2,TRUE,FALSE,FALSE,FALSE,1
080708Celina,Phleg,01:53:00,5,0,0,0,0,1,FALSE,FALSE,FALSE,FALSE,4
080705Celina,D. mer,04:31:00,2,0,0,0,0,1,FALSE,FALSE,FALSE,FALSE,1
080705Celina,D. mer,03:47:00,1,0,0,0,0,1,FALSE,FALSE,FALSE,FALSE,0
080705Celina,D. mer,01:43:00,1,0,2,0,0,0,FALSE,TRUE,FALSE,FALSE,1
080705Celina,D. mer,01:03:00,1,0,1,0,0,0,FALSE,TRUE,FALSE,FALSE,1
080705Celina,D. mer,02:44:00,3,0,0,0,0,0,FALSE,FALSE,FALSE,FALSE,3
080705Celina,D. mer,02:25:00,2,0,0,0,0,0,FALSE,FALSE,FALSE,FALSE,2
080705Celina,D. mer,01:13:00,1,0,0,0,0,0,FALSE,FALSE,FALSE,FALSE,1
080705Celina,D. mer,03:22:00,3,0,0,0,0,0,FALSE,FALSE,FALSE,FALSE,3
080705Celina,D. mer,02:43:00,1,1,0,0,0,1,TRUE,FALSE,FALSE,FALSE,0
080705Celina,D. mer,01:33:00,1,0,0,0,0,0,FALSE,FALSE,FALSE,FALSE,1
080626Celina,D. mer,01:00:00,1,0,0,1,0,1,FALSE,FALSE,TRUE,FALSE,0
080628Sophie,D. mer,01:08:00,0,0,0,0,0,0,FALSE,FALSE,FALSE,FALSE,0
080628Sophie,D. mer,00:59:00,1,0,0,0,0,1,FALSE,FALSE,FALSE,FALSE,0
080628Sophie,D. mer,02:00:00,0,0,0,0,1,0,FALSE,FALSE,FALSE,TRUE,0
080628Sophie,D. mer,01:00:00,0,0,0,0,1,0,FALSE,FALSE,FALSE,TRUE,0
080628Sophie,D. mer,02:00:00,1,0,1,0,1,1,FALSE,TRUE,FALSE,TRUE,0
080628Sophie,D. mer,01:00:00,0,1,0,0,0,0,TRUE,FALSE,FALSE,FALSE,0
080630Sophie,D. mer,02:00:00,3,1,0,0,0,2,TRUE,FALSE,FALSE,FALSE,1
080702Celina,D. mer,04:17:00,2,0,0,1,0,2,FALSE,FALSE,TRUE,FALSE,0
080702Celina,D. mer,02:34:00,2,0,0,0,0,1,FALSE,FALSE,FALSE,FALSE,1
080702Celina,D. mer,01:21:00,1,0,0,0,0,1,FALSE,FALSE,FALSE,FALSE,0
080702Celina,D. mer,01:54:00,2,1,0,0,0,2,TRUE,FALSE,FALSE,FALSE,0
080702Aero,D. mer,02:59:00,2,0,0,1,0,2,FALSE,FALSE,TRUE,FALSE,0
080702Aero,D. mer,02:33:00,2,0,0,0,0,2,FALSE,FALSE,FALSE,FALSE,0
080702Aero,D. mer,01:47:00,1,0,1,0,0,0,FALSE,TRUE,FALSE,FALSE,1
080702Aero,D. mer,04:07:00,0,0,0,0,2,0,FALSE,FALSE,FALSE,TRUE,0
080702Aero,D. mer,01:47:00,1,0,0,0,1,0,FALSE,FALSE,FALSE,TRUE,1
080702Aero,D. mer,01:01:00,0,0,1,0,0,0,FALSE,TRUE,FALSE,FALSE,0
080702Aero,D. mer,01:52:00,0,0,0,0,1,0,FALSE,FALSE,FALSE,TRUE,0
080702Aero,D. mer,01:55:00,0,0,1,0,0,0,FALSE,TRUE,FALSE,FALSE,0
080702Aero,D. mer,02:42:00,3,0,0,0,0,0,FALSE,FALSE,FALSE,FALSE,3
080702Aero,D. mer,03:17:00,2,0,1,0,0,2,FALSE,TRUE,FALSE,FALSE,0
080702Aero,D. mer,01:52:00,2,0,0,0,0,0,FALSE,FALSE,FALSE,FALSE,2
080701Celina,D. mer,01:29:00,1,1,0,0,0,1,TRUE,FALSE,FALSE,FALSE,0
080701Celina,D. mer,01:29:00,1,0,0,0,0,1,FALSE,FALSE,FALSE,FALSE,0
080701Celina,D. mer,02:21:00,1,0,0,0,0,0,FALSE,FALSE,FALSE,FALSE,1
080702Aero,D. mer,01:40:00,2,0,0,0,0,1,FALSE,FALSE,FALSE,FALSE,1
080702Aero,D. mer,02:21:00,1,0,0,0,0,1,FALSE,FALSE,FALSE,FALSE,0
080702Aero,D. mer,03:32:00,3,0,0,0,0,2,FALSE,FALSE,FALSE,FALSE,1
080702Aero,D. mer,03:14:00,1,0,1,0,1,1,FALSE,TRUE,FALSE,TRUE,0
080702Aero,D. mer,04:03:00,3,0,1,0,0,1,FALSE,TRUE,FALSE,FALSE,2
080702Aero,D. mer,02:30:00,1,0,0,0,0,1,FALSE,FALSE,FALSE,FALSE,0
080702Aero,D. mer,02:17:00,4,0,0,0,0,2,FALSE,FALSE,FALSE,FALSE,2
080702Aero,D. mer,02:16:00,2,0,0,0,0,2,FALSE,FALSE,FALSE,FALSE,0
080704Sophie,D. mer,04:40:00,3,0,0,0,0,2,FALSE,FALSE,FALSE,FALSE,1
080704Sophie,D. mer,01:25:00,3,0,0,0,0,2,FALSE,FALSE,FALSE,FALSE,1
080705Celina,D. mer,02:00:00,1,0,0,0,0,1,FALSE,FALSE,FALSE,FALSE,0
080705Celina,D. mer,02:24:00,0,1,0,0,0,0,TRUE,FALSE,FALSE,FALSE,0
080705Celina,D. mer,02:23:00,2,0,0,0,1,2,FALSE,FALSE,FALSE,TRUE,0
080705Celina,D. mer,01:35:00,0,2,0,0,0,0,TRUE,FALSE,FALSE,FALSE,0
080705Celina,D. mer,01:16:00,1,0,0,0,0,1,FALSE,FALSE,FALSE,FALSE,0
080705Celina,D. mer,01:08:00,1,0,0,0,0,1,FALSE,FALSE,FALSE,FALSE,0
080705Celina,D. mer,01:33:00,1,0,0,0,0,0,FALSE,FALSE,FALSE,FALSE,1
080705Aero,D. mer,02:40:00,0,0,1,0,0,0,FALSE,TRUE,FALSE,FALSE,0
080709Celina,Phleg,01:28:00,1,0,0,1,0,1,FALSE,FALSE,TRUE,FALSE,0
080709Celina,Phleg,01:23:00,1,0,0,0,0,0,FALSE,FALSE,FALSE,FALSE,1
080709Celina,Phleg,01:23:00,1,0,0,0,0,1,FALSE,FALSE,FALSE,FALSE,0
080628Sophie,Rheg,00:22:00,1,0,0,0,0,1,FALSE,FALSE,FALSE,FALSE,0
080628Sophie,Rheg,00:44:00,1,0,0,0,0,1,FALSE,FALSE,FALSE,FALSE,0
080628Sophie,Rheg,01:08:00,2,0,0,0,0,1,FALSE,FALSE,FALSE,FALSE,1
080626Aero,Rheg,04:10:00,3,0,0,0,0,2,FALSE,FALSE,FALSE,FALSE,1
080628Sophie,Rheg,02:00:00,1,0,0,0,0,0,FALSE,FALSE,FALSE,FALSE,1
080628Sophie,Rheg,01:30:00,3,0,0,0,0,1,FALSE,FALSE,FALSE,FALSE,2
080628Sophie,Rheg,05:00:00,3,0,0,0,0,3,FALSE,FALSE,FALSE,FALSE,0
080628Sophie,Rheg,01:00:00,0,0,1,0,1,0,FALSE,TRUE,FALSE,TRUE,0
080628Sophie,Rheg,01:30:00,1,0,0,0,0,1,FALSE,FALSE,FALSE,FALSE,0
080628Sophie,Rheg,03:30:00,4,0,0,0,0,4,FALSE,FALSE,FALSE,FALSE,0
080630Sophie,Rheg,03:17:00,1,0,0,0,0,0,FALSE,FALSE,FALSE,FALSE,1
080701Sophie,Rheg,01:45:00,1,0,0,0,0,1,FALSE,FALSE,FALSE,FALSE,0
080701Sophie,Rheg,01:26:00,2,0,1,0,0,2,FALSE,TRUE,FALSE,FALSE,0
080701Sophie,Rheg,02:30:00,0,0,0,0,0,0,FALSE,FALSE,FALSE,FALSE,0
080703Aero,Rheg,00:58:00,2,0,0,0,0,2,FALSE,FALSE,FALSE,FALSE,0
080703Aero,Rheg,02:15:00,3,0,0,0,0,1,FALSE,FALSE,FALSE,FALSE,2
080703Aero,Rheg,01:11:00,1,0,0,0,0,1,FALSE,FALSE,FALSE,FALSE,0
080703Aero,Rheg,01:57:00,0,0,0,0,0,0,FALSE,FALSE,FALSE,FALSE,0
080703Aero,Rheg,01:32:00,1,0,0,0,1,1,FALSE,FALSE,FALSE,TRUE,0
080703Aero,Rheg,01:39:00,0,0,1,0,0,0,FALSE,TRUE,FALSE,FALSE,0
080703Aero,Rheg,01:01:00,3,0,0,0,0,1,FALSE,FALSE,FALSE,FALSE,2
080703Aero,Rheg,01:40:00,1,0,0,0,0,1,FALSE,FALSE,FALSE,FALSE,0
080703Aero,Rheg,04:17:00,2,0,0,0,0,2,FALSE,FALSE,FALSE,FALSE,0
080705Aero,Rheg,03:04:00,4,0,0,0,0,2,FALSE,FALSE,FALSE,FALSE,2
080705Aero,Rheg,01:55:00,3,0,0,0,0,2,FALSE,FALSE,FALSE,FALSE,1
080625Labbie,Rheg,03:08:00,6,0,0,0,0,5,FALSE,FALSE,FALSE,FALSE,1
080625Labbie,Rheg,02:24:00,3,0,1,0,0,2,FALSE,TRUE,FALSE,FALSE,1
080625Labbie,Rheg,03:45:00,6,0,0,0,0,4,FALSE,FALSE,FALSE,FALSE,2
080626Aero,Rheg,01:12:00,2,0,0,0,0,2,FALSE,FALSE,FALSE,FALSE,0
080626Aero,Rheg,02:49:00,4,0,0,0,0,3,FALSE,FALSE,FALSE,FALSE,1
080626Aero,Rheg,07:33:00,2,0,0,0,0,1,FALSE,FALSE,FALSE,FALSE,1
080626Aero,Rheg,01:14:00,2,0,0,0,0,2,FALSE,FALSE,FALSE,FALSE,0
080626Aero,Rheg,01:17:00,1,0,0,0,0,1,FALSE,FALSE,FALSE,FALSE,0
080626Aero,Rheg,01:54:00,4,0,0,0,0,2,FALSE,FALSE,FALSE,FALSE,2
080702Aero,Rheg,01:58:00,3,0,0,0,0,2,FALSE,FALSE,FALSE,FALSE,1
080702Aero,Rheg,01:52:00,3,0,0,0,0,2,FALSE,FALSE,FALSE,FALSE,1
080705Aero,Rheg,04:15:00,4,0,0,0,0,1,FALSE,FALSE,FALSE,FALSE,3
080705Aero,Rheg,03:30:00,4,1,0,0,0,2,TRUE,FALSE,FALSE,FALSE,2
080705Aero,Rheg,02:00:00,4,0,0,0,0,1,FALSE,FALSE,FALSE,FALSE,3
080705Aero,Rheg,01:45:00,5,0,0,0,0,0,FALSE,FALSE,FALSE,FALSE,5
080705Aero,Rheg,05:00:00,2,0,0,0,0,1,FALSE,FALSE,FALSE,FALSE,1
080705Aero,Rheg,02:10:00,5,0,0,0,0,3,FALSE,FALSE,FALSE,FALSE,2
080705Aero,Rheg,03:11:00,2,0,0,0,0,1,FALSE,FALSE,FALSE,FALSE,1
080709Celina,Rheg,01:03:00,1,1,0,0,0,0,TRUE,FALSE,FALSE,FALSE,1
080709Celina,Rheg,01:20:00,1,0,0,0,0,1,FALSE,FALSE,FALSE,FALSE,0
080709Celina,Rheg,01:14:00,0,0,0,0,0,0,FALSE,FALSE,FALSE,FALSE,0
080709Celina,Rheg,01:41:00,1,1,0,0,0,1,TRUE,FALSE,FALSE,FALSE,0
080702Celina,G. sal,01:30:00,2,0,0,0,0,2,FALSE,FALSE,FALSE,FALSE,0
080702Celina,G. sal,01:44:00,5,1,0,0,0,3,TRUE,FALSE,FALSE,FALSE,2
080703Aero,G. sal,03:34:00,5,0,0,0,0,3,FALSE,FALSE,FALSE,FALSE,2
080703Aero,G. sal,00:56:00,2,0,0,0,0,1,FALSE,FALSE,FALSE,FALSE,1
080703Aero,G. sal,02:27:00,2,0,0,0,0,2,FALSE,FALSE,FALSE,FALSE,0
080703Aero,G. sal,01:13:00,1,0,0,0,0,1,FALSE,FALSE,FALSE,FALSE,0
080703Aero,G. sal,01:21:00,1,0,0,0,0,1,FALSE,FALSE,FALSE,FALSE,0
080703Aero,G. sal,02:20:00,4,0,0,0,0,3,FALSE,FALSE,FALSE,FALSE,1
080703Aero,G. sal,01:33:00,1,1,0,0,0,0,TRUE,FALSE,FALSE,FALSE,1
080703Aero,G. sal,01:03:00,1,0,0,0,0,1,FALSE,FALSE,FALSE,FALSE,0
080703Aero,G. sal,00:57:00,1,1,0,0,0,1,TRUE,FALSE,FALSE,FALSE,0
080710Celina,Phleg,02:02:00,1,0,0,0,0,1,FALSE,FALSE,FALSE,FALSE,0
080710Celina,Phleg,01:38:00,3,0,0,0,0,1,FALSE,FALSE,FALSE,FALSE,2
080710Celina,Phleg,01:05:00,2,1,0,0,0,0,TRUE,FALSE,FALSE,FALSE,2
080710Celina,Phleg,01:29:00,7,0,0,0,0,1,FALSE,FALSE,FALSE,FALSE,6
080710Celina,Phleg,01:42:00,6,0,0,0,0,4,FALSE,FALSE,FALSE,FALSE,2
080710Celina,Phleg,01:12:00,3,0,0,0,0,2,FALSE,FALSE,FALSE,FALSE,1
080710Celina,Phleg,01:02:00,2,0,0,0,0,0,FALSE,FALSE,FALSE,FALSE,2
080710Celina,Phleg,01:32:00,7,0,1,0,0,1,FALSE,TRUE,FALSE,FALSE,6
080710Celina,Phleg,01:00:00,5,0,0,0,0,0,FALSE,FALSE,FALSE,FALSE,5
080710Celina,Phleg,01:37:00,4,0,0,0,0,0,FALSE,FALSE,FALSE,FALSE,4
080710Celina,Phleg,01:35:00,3,0,0,0,0,2,FALSE,FALSE,FALSE,FALSE,1
080710Celina,Phleg,01:07:00,3,0,1,0,0,2,FALSE,TRUE,FALSE,FALSE,1
080710Celina,Phleg,01:01:00,2,0,0,0,0,1,FALSE,FALSE,FALSE,FALSE,1
080710Celina,Phleg,01:33:00,2,0,1,0,0,0,FALSE,TRUE,FALSE,FALSE,2
080710Celina,Phleg,01:12:00,1,0,0,0,1,1,FALSE,FALSE,FALSE,TRUE,0
080710Celina,Phleg,01:04:00,2,1,0,0,0,1,TRUE,FALSE,FALSE,FALSE,1
080710Celina,Phleg,01:00:00,4,1,0,0,0,0,TRUE,FALSE,FALSE,FALSE,4
080710Celina,Phleg,01:22:00,2,0,0,0,0,0,FALSE,FALSE,FALSE,FALSE,2
080710Celina,Phleg,01:18:00,2,0,0,0,0,2,FALSE,FALSE,FALSE,FALSE,0
080710Celina,Phleg,02:02:00,3,0,0,0,0,2,FALSE,FALSE,FALSE,FALSE,1
080710Celina,Phleg,02:04:00,3,0,0,0,0,2,FALSE,FALSE,FALSE,FALSE,1
080710Celina,Phleg,01:01:00,1,0,0,0,0,1,FALSE,FALSE,FALSE,FALSE,0
080710Celina,Phleg,01:08:00,1,0,0,0,0,1,FALSE,FALSE,FALSE,FALSE,0
080710Celina,Phleg,02:16:00,4,0,0,0,0,3,FALSE,FALSE,FALSE,FALSE,1
080710Celina,Phleg,01:02:00,3,0,1,0,0,1,FALSE,TRUE,FALSE,FALSE,2
080710Celina,Phleg,01:28:00,2,0,0,0,0,2,FALSE,FALSE,FALSE,FALSE,0
080710Celina,Phleg,01:50:00,1,0,0,0,0,0,FALSE,FALSE,FALSE,FALSE,1
080710Celina,Phleg,01:35:00,0,0,0,0,0,0,FALSE,FALSE,FALSE,FALSE,0
080710Celina,Phleg,01:20:00,5,0,0,0,1,2,FALSE,FALSE,FALSE,TRUE,3
080710Celina,Phleg,01:35:00,5,0,0,0,0,3,FALSE,FALSE,FALSE,FALSE,2
080710Celina,Phleg,01:57:00,8,0,0,0,0,3,FALSE,FALSE,FALSE,FALSE,5
080710Celina,Phleg,01:02:00,0,0,0,0,0,0,FALSE,FALSE,FALSE,FALSE,0
080710Celina,Phleg,02:04:00,3,0,0,0,0,2,FALSE,FALSE,FALSE,FALSE,1
080710Celina,Phleg,01:07:00,1,0,1,0,0,1,FALSE,TRUE,FALSE,FALSE,0
080711Celina,Phleg,02:27:00,4,0,0,0,0,2,FALSE,FALSE,FALSE,FALSE,2
080712Celina,Phleg,01:32:00,1,0,1,0,0,0,FALSE,TRUE,FALSE,FALSE,1
080712Celina,Phleg,01:36:00,2,0,0,0,0,1,FALSE,FALSE,FALSE,FALSE,1
080712Celina,Phleg,03:46:00,3,0,0,0,0,2,FALSE,FALSE,FALSE,FALSE,1
080712Celina,Phleg,02:46:00,0,0,0,0,0,0,FALSE,FALSE,FALSE,FALSE,0
080712Celina,Phleg,02:45:00,1,0,0,0,0,1,FALSE,FALSE,FALSE,FALSE,0
080712Celina,Phleg,01:52:00,3,0,0,0,0,2,FALSE,FALSE,FALSE,FALSE,1
080712Celina,Phleg,01:56:00,2,0,0,0,0,1,FALSE,FALSE,FALSE,FALSE,1
080712Celina,Phleg,01:50:00,4,0,0,0,0,2,FALSE,FALSE,FALSE,FALSE,2
080712Celina,Phleg,02:21:00,5,0,1,0,0,2,FALSE,TRUE,FALSE,FALSE,3
080712Celina,Phleg,05:11:00,2,0,0,0,3,2,FALSE,FALSE,FALSE,TRUE,0
080712Celina,Phleg,03:07:00,1,0,0,0,0,1,FALSE,FALSE,FALSE,FALSE,0
080712Celina,Phleg,01:39:00,5,0,0,0,0,4,FALSE,FALSE,FALSE,FALSE,1
080712Celina,Phleg,02:56:00,3,0,0,0,0,2,FALSE,FALSE,FALSE,FALSE,1
080712Celina,Phleg,02:39:00,1,0,0,0,1,1,FALSE,FALSE,FALSE,TRUE,0
080710Celina,D. mer,02:18:00,1,0,0,0,0,0,FALSE,FALSE,FALSE,FALSE,1
080710Celina,D. mer,02:17:00,0,0,0,0,0,0,FALSE,FALSE,FALSE,FALSE,0
080710Celina,D. mer,01:12:00,0,0,0,0,0,0,FALSE,FALSE,FALSE,FALSE,0
080710Celina,D. mer,01:36:00,1,0,0,0,0,1,FALSE,FALSE,FALSE,FALSE,0
080712Celina,D. mer,02:05:00,2,0,0,0,0,0,FALSE,FALSE,FALSE,FALSE,2
080712Celina,D. mer,02:41:00,1,0,0,0,0,1,FALSE,FALSE,FALSE,FALSE,0
080712Celina,Rheg,01:02:00,1,0,0,0,0,1,FALSE,FALSE,FALSE,FALSE,0
080710Celina,Rheg,01:24:00,4,1,0,0,0,2,TRUE,FALSE,FALSE,FALSE,2
080710Celina,Rheg,01:10:00,3,0,0,0,0,3,FALSE,FALSE,FALSE,FALSE,0
080710Celina,Rheg,01:15:00,1,0,0,0,0,1,FALSE,FALSE,FALSE,FALSE,0
080704Celina,G. sal,01:04:00,2,0,0,0,0,1,FALSE,FALSE,FALSE,FALSE,1
080705Aero,G. sal,01:59:00,0,0,0,0,0,0,FALSE,FALSE,FALSE,FALSE,0
080703Aero,G. sal,02:38:00,2,1,0,0,0,1,TRUE,FALSE,FALSE,FALSE,1
080705Celina,G. sal,02:13:00,0,1,0,0,0,0,TRUE,FALSE,FALSE,FALSE,0
080702Celina,G. sal,03:05:00,0,1,0,0,0,0,TRUE,FALSE,FALSE,FALSE,0
080705Aero,G. sal,01:30:00,3,0,0,0,0,3,FALSE,FALSE,FALSE,FALSE,0
080705Aero,G. sal,04:30:00,7,0,0,0,0,4,FALSE,FALSE,FALSE,FALSE,3
080705Aero,G. sal,03:45:00,1,0,0,0,0,0,FALSE,FALSE,FALSE,FALSE,1
080705Aero,G. sal,01:00:00,1,0,0,0,1,1,FALSE,FALSE,FALSE,TRUE,0
080705Celina,G. sal,02:15:00,1,1,0,0,0,1,TRUE,FALSE,FALSE,FALSE,0
080705Celina,G. sal,01:07:00,2,0,0,0,0,0,FALSE,FALSE,FALSE,FALSE,2
080710Celina,G. sal,01:15:00,2,0,0,0,0,1,FALSE,FALSE,FALSE,FALSE,1
080712Celina,M. fort,05:14:00,1,0,0,0,0,1,FALSE,FALSE,FALSE,FALSE,0
080709Celina,D. mer,03:00:00,1,0,0,0,0,1,FALSE,FALSE,FALSE,FALSE,0
080716Celina,Phleg,03:41:00,3,0,0,0,0,1,FALSE,FALSE,FALSE,FALSE,2
080716Celina,Phleg,01:32:00,1,0,0,0,0,0,FALSE,FALSE,FALSE,FALSE,1
080716Celina,Phleg,01:37:00,2,0,0,0,0,2,FALSE,FALSE,FALSE,FALSE,0
080716Celina,Phleg,02:32:00,0,0,0,0,0,0,FALSE,FALSE,FALSE,FALSE,0
080716Celina,Phleg,01:02:00,1,0,0,0,0,0,FALSE,FALSE,FALSE,FALSE,1
080716Celina,Phleg,01:30:00,4,0,0,0,0,0,FALSE,FALSE,FALSE,FALSE,4
080716Celina,Phleg,01:00:00,0,0,0,0,1,0,FALSE,FALSE,FALSE,TRUE,0
080716Celina,Phleg,01:25:00,2,0,0,0,0,0,FALSE,FALSE,FALSE,FALSE,2
080716Celina,Phleg,01:12:00,2,0,0,0,0,1,FALSE,FALSE,FALSE,FALSE,1
080716Celina,Phleg,01:37:00,4,0,0,0,0,2,FALSE,FALSE,FALSE,FALSE,2
080716Celina,Phleg,01:46:00,3,0,0,0,0,0,FALSE,FALSE,FALSE,FALSE,3
080716Celina,Phleg,01:09:00,2,1,0,0,0,0,TRUE,FALSE,FALSE,FALSE,2
080716Celina,Phleg,02:58:00,7,0,0,0,0,0,FALSE,FALSE,FALSE,FALSE,7
080716Celina,Phleg,01:13:00,1,0,0,0,0,0,FALSE,FALSE,FALSE,FALSE,1
080716Celina,Phleg,01:12:00,1,0,0,0,0,0,FALSE,FALSE,FALSE,FALSE,1
080716Celina,Phleg,01:02:00,4,0,0,0,0,1,FALSE,FALSE,FALSE,FALSE,3
080716Celina,Phleg,01:33:00,4,0,1,0,1,2,FALSE,TRUE,FALSE,TRUE,2
080716Celina,Phleg,01:36:00,2,0,0,0,0,0,FALSE,FALSE,FALSE,FALSE,2
080716Celina,Phleg,01:13:00,1,0,0,0,0,1,FALSE,FALSE,FALSE,FALSE,0
080716Celina,Phleg,02:29:00,0,0,0,0,0,0,FALSE,FALSE,FALSE,FALSE,0
080709Celina,Phleg,02:00:00,1,0,0,0,0,1,FALSE,FALSE,FALSE,FALSE,0
080709Celina,Phleg,01:00:00,1,0,0,0,0,1,FALSE,FALSE,FALSE,FALSE,0
080711Celina,Phleg,03:40:00,1,0,1,0,0,1,FALSE,TRUE,FALSE,FALSE,0
080711Celina,Phleg,01:00:00,1,0,0,0,0,1,FALSE,FALSE,FALSE,FALSE,0
080711Celina,Phleg,03:00:00,3,0,0,2,0,3,FALSE,FALSE,TRUE,FALSE,0
080711Celina,Phleg,02:40:00,4,0,0,0,0,2,FALSE,FALSE,FALSE,FALSE,2
080711Celina,Phleg,01:00:00,1,0,0,0,0,1,FALSE,FALSE,FALSE,FALSE,0
080711Celina,Phleg,01:00:00,3,0,0,0,0,3,FALSE,FALSE,FALSE,FALSE,0
080709Celina,Rheg,02:20:00,1,0,0,0,0,1,FALSE,FALSE,FALSE,FALSE,0
080709Celina,Rheg,04:00:00,1,0,0,0,0,1,FALSE,FALSE,FALSE,FALSE,0
080711Celina,Rheg,01:30:00,3,1,0,0,0,2,TRUE,FALSE,FALSE,FALSE,1
080711Celina,Rheg,02:50:00,0,0,0,0,0,0,FALSE,FALSE,FALSE,FALSE,0
080711Celina,Rheg,01:00:00,2,0,0,0,0,2,FALSE,FALSE,FALSE,FALSE,0
080711Celina,Rheg,05:20:00,2,0,0,0,0,2,FALSE,FALSE,FALSE,FALSE,0
080716Celina,M. fort,01:46:00,4,0,0,0,0,0,FALSE,FALSE,FALSE,FALSE,4
080716Celina,M. fort,01:21:00,1,0,0,0,0,0,FALSE,FALSE,FALSE,FALSE,1
080716Celina,M. fort,01:10:00,2,0,0,0,0,0,FALSE,FALSE,FALSE,FALSE,2
080709Celina,M. fort,01:00:00,0,1,0,0,0,0,TRUE,FALSE,FALSE,FALSE,0
080711Celina,M. fort,01:00:00,1,0,0,0,0,1,FALSE,FALSE,FALSE,FALSE,0
080711Celina,M. fort,01:15:00,1,0,0,0,0,1,FALSE,FALSE,FALSE,FALSE,0
080711Celina,M. fort,03:50:00,0,0,0,0,0,0,FALSE,FALSE,FALSE,FALSE,0
080711Celina,M. fort,01:30:00,1,0,0,0,0,1,FALSE,FALSE,FALSE,FALSE,0
080711Celina,M. fort,01:00:00,1,0,0,0,0,1,FALSE,FALSE,FALSE,FALSE,0
080711Celina,M. fort,02:18:00,1,0,0,0,0,1,FALSE,FALSE,FALSE,FALSE,0
080715Celina,M. fort,01:03:00,2,0,0,0,0,1,FALSE,FALSE,FALSE,FALSE,1
080715Celina,M. fort,01:29:00,1,0,0,0,0,1,FALSE,FALSE,FALSE,FALSE,0
080704Celina,M. fort,01:26:00,1,0,0,0,0,0,FALSE,FALSE,FALSE,FALSE,1
080704Celina,M. fort,01:05:00,0,0,0,0,0,0,FALSE,FALSE,FALSE,FALSE,0
080704Celina,M. fort,01:03:00,2,0,0,0,0,2,FALSE,FALSE,FALSE,FALSE,0
080704Celina,M. fort,01:04:00,2,0,0,0,0,1,FALSE,FALSE,FALSE,FALSE,1
080704Celina,M. fort,02:12:00,1,0,0,0,0,1,FALSE,FALSE,FALSE,FALSE,0
080702Celina,M. fort,02:38:00,2,0,0,1,0,1,FALSE,FALSE,TRUE,FALSE,1
080702Celina,M. fort,01:43:00,2,0,0,0,0,1,FALSE,FALSE,FALSE,FALSE,1
080702Celina,M. fort,04:50:00,4,0,0,0,0,1,FALSE,FALSE,FALSE,FALSE,3
080705Celina,M. fort,01:26:00,4,1,0,0,0,3,TRUE,FALSE,FALSE,FALSE,1
080704Celina,M. fort,02:15:00,1,0,0,0,0,0,FALSE,FALSE,FALSE,FALSE,1
080708Celina,M. fort,02:41:00,2,0,0,0,0,0,FALSE,FALSE,FALSE,FALSE,2
080709Celina,M. fort,01:02:00,0,0,0,0,0,0,FALSE,FALSE,FALSE,FALSE,0
080709Celina,M. fort,01:00:00,1,0,0,0,0,1,FALSE,FALSE,FALSE,FALSE,0
080709Celina,M. fort,01:50:00,2,0,0,0,0,2,FALSE,FALSE,FALSE,FALSE,0
080709Celina,M. fort,01:24:00,2,0,0,0,0,1,FALSE,FALSE,FALSE,FALSE,1
080709Celina,M. fort,01:18:00,1,0,0,0,0,1,FALSE,FALSE,FALSE,FALSE,0
080709Celina,M. fort,02:59:00,3,1,0,0,0,2,TRUE,FALSE,FALSE,FALSE,1
080710Celina,M. fort,01:03:00,1,1,0,0,0,0,TRUE,FALSE,FALSE,FALSE,1
080710Celina,M. fort,02:44:00,2,1,0,0,0,0,TRUE,FALSE,FALSE,FALSE,2
080710Celina,M. fort,01:37:00,2,2,0,0,0,2,TRUE,FALSE,FALSE,FALSE,0
080710Celina,M. fort,01:22:00,2,0,0,0,0,1,FALSE,FALSE,FALSE,FALSE,1
080710Celina,M. fort,01:37:00,1,0,0,0,0,0,FALSE,FALSE,FALSE,FALSE,1
080710Celina,M. fort,01:58:00,4,0,0,0,0,1,FALSE,FALSE,FALSE,FALSE,3
080710Celina,M. fort,01:01:00,2,0,0,0,0,1,FALSE,FALSE,FALSE,FALSE,1
080710Celina,M. fort,01:00:00,1,0,0,0,0,1,FALSE,FALSE,FALSE,FALSE,0
080710Celina,M. fort,01:40:00,8,1,0,0,0,7,TRUE,FALSE,FALSE,FALSE,1
080710Celina,M. fort,01:56:00,2,0,1,0,0,1,FALSE,TRUE,FALSE,FALSE,1
080710Celina,M. fort,01:24:00,2,0,0,0,0,2,FALSE,FALSE,FALSE,FALSE,0
080711Celina,Phleg,02:30:00,2,0,0,0,0,2,FALSE,FALSE,FALSE,FALSE,0
080711Celina,Phleg,02:30:00,0,0,0,0,0,0,FALSE,FALSE,FALSE,FALSE,0
080711Celina,Phleg,01:30:00,2,0,0,0,0,2,FALSE,FALSE,FALSE,FALSE,0
080711Celina,Phleg,02:00:00,4,0,0,0,0,2,FALSE,FALSE,FALSE,FALSE,2
080711Celina,Phleg,02:30:00,2,0,0,0,0,2,FALSE,FALSE,FALSE,FALSE,0
080711Celina,Phleg,02:45:00,1,0,0,0,0,1,FALSE,FALSE,FALSE,FALSE,0
080715Celina,Phleg,01:59:00,1,0,0,0,0,1,FALSE,FALSE,FALSE,FALSE,0
080715Celina,Phleg,03:38:00,5,0,0,0,0,3,FALSE,FALSE,FALSE,FALSE,2
080715Celina,Phleg,01:22:00,8,0,0,0,0,7,FALSE,FALSE,FALSE,FALSE,1
080716Celina,Phleg,06:09:00,10,0,0,0,0,8,FALSE,FALSE,FALSE,FALSE,2
080716Celina,Phleg,01:03:00,2,0,0,0,0,2,FALSE,FALSE,FALSE,FALSE,0
