obsid,species,duration,attempts,Rinter,Rintra,Iinter,Iintra,Successes
001023Tin,Phleg,4:00:00,4,0,0,0,0,3
001023Tina,Phleg,4:00:00,4,0,0,0,0,3
001026Izua,M. fort,3:00:00,0,0,0,0,0,0
001026Izua,M. fort,3:00:00,1,0,0,0,0,1
001026Smaa,Phleg,4:00:00,3,0,0,0,0,0
001102Izua,G. sal,3:04:00,1,0,0,0,0,1
001102Tita,D. mer,4:00:00,2,0,0,0,0,1
001104Riv,M. fort,2:50:00,2,0,0,0,0,1
001108Izu,Rheg,3:50:00,2,0,0,0,0,2
001108Tita,Rheg,4:00:00,3,0,0,0,0,1
001110Cada,D. mer,4:00:00,1,0,0,0,1,0
001114Lab,Rheg,4:00:00,1,0,0,0,0,0
001117Izu,G. sal,4:00:00,0,0,0,0,0,0
001118Tin,G. sal,4:00:00,4,0,0,0,0,3
001124Izu,G. sal,2:50:00,1,0,0,0,0,1
001125Lab,Phleg,3:00:00,2,0,0,0,0,0
001125Lab,Phleg,3:00:00,3,0,0,0,0,0
001125Lab,Phleg,3:00:00,3,0,0,0,0,1
001125Lab,Phleg,4:00:00,4,0,0,0,0,1
001125Lab,D. mer,3:45:00,5,0,0,0,0,4
001127Edwa,Rheg,1:20:00,1,0,0,0,0,1
001127Edwa,Rheg,4:00:00,2,0,1,0,0,1
001128Edw,G. sal,1:20:00,2,0,0,0,0,0
001128Edw,G. sal,3:50:00,1,0,0,0,0,1
001128Edw,Phleg,1:50:00,2,0,0,0,0,1
001128Edw,G. sal,1:55:00,3,2,0,0,0,1
001128Edw,Rheg,4:00:00,6,0,0,0,0,5
001128Edwa,Rheg,1:00:00,2,0,0,0,0,0
001128Lab,M. fort,1:30:00,0,0,0,0,0,0
001128Lab,M. fort,4:00:00,0,0,0,0,0,0
001128Lab,G. sal,4:00:00,2,0,0,0,0,0
001128Lab,M. fort,2:00:00,3,0,1,0,0,3
001129Lab,G. sal,3:00:00,1,0,0,0,0,0
001129Lab,G. sal,4:00:00,2,0,0,0,0,1
001129Lab,Rheg,3:20:00,3,0,0,0,0,1
001129Lab,G. sal,4:00:00,5,0,0,0,0,3
001130Edw,Phleg,4:00:00,2,0,0,0,0,2
001130Tit,D. mer,4:00:00,0,0,0,0,0,0
001201Izu,G. sal,1:20:00,2,0,0,0,0,1
001201Izu,G. sal,4:00:00,3,0,0,0,0,1
001201Izu,Phleg,3:30:00,2,0,1,0,0,2
001201Izu,G. sal,3:30:00,7,0,0,0,0,5
001201Lab,D. mer,4:00:00,0,0,0,0,0,0
001201Lab,M. fort,1:30:00,1,0,0,0,0,1
001201Lab,M. fort,2:00:00,2,0,0,0,0,1
001201Lab,Rheg,2:05:00,2,0,0,0,0,2
001201Tin,Phleg,2:30:00,2,0,0,0,0,0
001201Tin,Phleg,4:00:00,4,0,0,0,0,1
001202Gna,G. sal,1:45:00,2,0,0,0,0,0
001202Gna,G. sal,2:30:00,2,0,0,0,0,2
001202Tin,Phleg,3:30:00,0,0,0,0,0,0
001204Edw,Rheg,1:30:00,1,0,0,0,0,1
001204Edw,G. sal,1:44:00,2,0,0,0,0,1
001204Edw,Rheg,2:00:00,2,0,0,0,0,1
001204Edw,Phleg,2:56:00,2,0,0,0,0,1
001204Edw,G. sal,1:22:00,2,0,0,0,0,2
001204Edw,Rheg,3:00:00,3,0,0,0,0,2
001204Edw,Phleg,3:40:00,4,0,0,0,0,2
001208Edw,Rheg,3:10:00,3,0,0,0,0,1
001208Edw,Rheg,1:00:00,2,0,0,0,0,2
001208Edw,G. sal,3:20:00,6,0,2,0,0,4
001209Gna,D. mer,3:10:00,0,0,0,0,0,0
001209Nod,G. sal,3:00:00,0,0,0,0,0,0
001209Nod,G. sal,4:00:00,0,0,0,0,0,0
001209Nod,Phleg,2:40:00,1,0,0,0,0,1
001213Edw,Rheg,3:00:00,3,0,0,0,0,2
001215Lab,Rheg,4:00:00,3,0,0,0,0,3
001215Stu,M. fort,1:30:00,2,0,0,0,0,2
001216Lab,Phleg,1:00:00,1,0,0,0,0,1
001216Lab,Phleg,2:00:00,2,0,0,0,0,2
001216Lab,Rheg,4:00:00,5,0,0,0,0,2
001216Tin,D. mer,1:20:00,2,0,0,0,0,1
001219Gna,G. sal,4:00:00,0,3,0,0,0,0
001219Izu,Rheg,4:00:00,3,0,0,0,0,2
001222Edw,Phleg,1:55:00,1,0,0,0,0,1
001222Izu,G. sal,1:30:00,1,0,0,0,0,0
001222Izu,Phleg,3:20:00,1,0,0,0,0,1
001223Gna,M. fort,4:00:00,1,0,0,0,0,0
001226Izu,D. mer,4:00:00,0,0,0,0,0,0
001226Izu,G. sal,2:35:00,3,0,0,0,0,3
001226Lab,G. sal,4:00:00,4,0,0,0,0,3
001226Lab,G. sal,4:00:00,5,0,0,0,0,3
001226Tit,Phleg,4:00:00,4,0,0,0,0,2
001226Tit,G. sal,1:40:00,3,0,0,0,0,3
001228Edw,Phleg,1:00:00,1,0,0,0,0,1
001228Edw,Phleg,1:30:00,1,0,0,0,0,1
001228Edw,D. mer,3:00:00,1,0,0,0,0,1
001228Edw,Phleg,2:22:00,2,0,0,0,0,2
001228Izu,G. sal,2:00:00,0,0,0,0,0,0
001228Izu,G. sal,2:00:00,3,0,0,0,0,0
001228Izu,G. sal,5:00:00,3,0,0,0,0,2
001228Tit,D. mer,4:00:00,2,0,0,0,0,2
001228Tit,Phleg,2:15:00,3,0,0,0,0,3
001228Tit,D. mer,4:00:00,5,0,0,0,0,3
001230Edw,Phleg,1:20:00,1,0,0,0,0,0
001230Edw,Phleg,1:00:00,1,0,0,0,0,1
001230Edw,Phleg,1:30:00,2,0,0,0,1,2
001230Edw,Phleg,8:20:00,6,0,0,0,0,3
001230Tit,Rheg,1:47:00,0,0,0,0,0,0
001230Tit,Rheg,1:15:00,2,0,0,0,0,0
010102Izu,G. sal,1:15:00,0,0,0,0,0,0
010102Izu,Rheg,2:00:00,3,0,0,0,0,0
010102Izu,M. fort,3:00:00,6,0,0,0,0,2
010102Let,G. sal,2:45:00,0,0,0,0,0,0
010102Let,G. sal,3:40:00,2,0,0,0,0,2
010103Edw,Phleg,1:30:00,0,0,0,0,0,0
010103Edw,Phleg,1:45:00,0,0,0,0,0,0
010103Edw,M. fort,2:00:00,0,0,0,0,0,0
010103Edw,Phleg,2:00:00,0,0,0,0,0,0
010103Edw,Phleg,2:00:00,0,0,0,0,0,0
010103Edw,Phleg,2:56:00,0,0,0,0,0,0
010103Edw,Phleg,6:30:00,3,0,0,0,0,0
010103Edw,Phleg,2:50:00,2,0,0,0,0,1
010103Edw,Phleg,3:22:00,4,0,0,0,1,4
010103Izu,G. sal,3:00:00,2,0,0,0,0,0
010103Izu,G. sal,4:00:00,2,1,0,0,0,1
010103Let,Phleg,1:10:00,0,0,0,0,0,0
010103Let,Phleg,2:00:00,0,0,0,0,0,0
010103Let,G. sal,4:00:00,0,0,0,0,0,0
010103Let,Phleg,0:00:00,1,0,0,0,0,0
010103Let,D. mer,4:00:00,1,0,0,0,0,1
010104Edw,Phleg,2:20:00,0,0,0,0,0,0
010104Edw,Phleg,2:30:00,0,0,0,0,0,0
010104Edw,Phleg,1:00:00,1,0,0,0,0,1
010104Edw,Phleg,2:00:00,2,0,0,0,0,1
010104Edw,Phleg,3:05:00,3,0,0,0,0,2
010104Gna,G. sal,1:20:00,1,0,0,0,0,1
010104Izu,M. fort,1:00:00,0,0,0,0,0,0
010104Lab,Rheg,1:10:00,0,0,0,0,0,0
010104Lab,Rheg,5:00:00,0,0,0,0,0,0
010104Lab,Rheg,6:30:00,0,0,0,0,0,0
010104Lab,Rheg,4:00:00,1,0,0,0,0,1
010104Nod,D. mer,1:30:00,0,0,0,0,0,0
010104Nod,D. mer,4:00:00,0,0,0,0,0,0
010104Tit,D. mer,3:00:00,3,0,0,0,0,2
010106Edw,D. mer,1:00:00,0,0,0,0,0,0
010106Edw,Phleg,2:15:00,0,0,0,0,0,0
010106Edw,Phleg,2:15:00,2,0,0,0,0,1
010106Edw,Rheg,1:45:00,2,0,0,0,0,2
010106Let,Phleg,4:00:00,0,0,0,0,0,0
010108Gna,D. mer,1:30:00,0,0,0,0,0,0
010108Gna,D. mer,4:00:00,1,0,0,0,0,0
010108Lab,Rheg,2:00:00,0,0,0,0,0,0
010108Lab,Rheg,1:00:00,3,0,0,0,0,1
010108Lab,Rheg,1:40:00,3,0,0,0,0,2
010108Let,D. mer,2:50:00,0,0,0,0,0,0
010108Let,Phleg,3:30:00,1,0,0,0,0,1
010109Edw,D. mer,1:40:00,0,0,0,0,0,0
010109Edw,D. mer,2:00:00,0,0,0,0,0,0
010109Edw,D. mer,1:00:00,0,0,1,0,1,0
010109Edw,D. mer,4:00:00,1,0,0,0,0,1
010109Edw,Phleg,4:00:00,1,0,0,0,0,1
010109Edw,Phleg,4:00:00,1,0,0,0,0,1
010109Edw,Phleg,4:00:00,1,0,0,0,0,1
010109Edw,D. mer,4:00:00,2,0,0,0,0,1
010109Edw,D. mer,1:50:00,2,0,0,0,1,1
010109Edw,Phleg,3:20:00,3,0,0,0,0,2
010109Edw,D. mer,1:30:00,5,0,0,0,0,4
010109Edw,Phleg,3:30:00,5,0,0,0,0,4
010109Izu,Rheg,1:30:00,1,0,0,0,0,1
010109Lab,D. mer,1:15:00,0,0,0,0,0,0
010109Let,Phleg,4:00:00,1,0,0,0,0,1
010109Let,G. sal,2:10:00,2,0,0,0,0,2
010110Edw,Rheg,1:50:00,2,0,0,0,0,1
010110Lab,G. sal,4:00:00,0,0,0,0,0,0
010110Lab,M. fort,3:00:00,1,0,0,0,0,0
010111Edw,G. sal,1:15:00,1,0,0,0,0,0
010111Edw,D. mer,2:30:00,1,1,0,0,0,0
010111Edw,Phleg,4:40:00,3,0,0,0,0,1
010111Lab,M. fort,3:30:00,5,0,0,1,0,3
010111Let,D. mer,4:00:00,2,0,0,0,0,2
010112Edw,D. mer,1:45:00,0,0,0,0,0,0
010112Edw,G. sal,2:30:00,0,0,0,0,0,0
010112Lab,G. sal,2:00:00,2,0,0,0,0,0
010112Lab,Rheg,2:30:00,2,0,0,0,0,0
010112Lab,G. sal,3:00:00,1,0,0,0,0,1
010112Lab,G. sal,2:50:00,4,0,0,0,0,2
010112Lab,Rheg,4:30:00,4,0,0,0,0,2
010113Let,D. mer,4:00:00,0,0,0,0,0,0
010115Izu,Rheg,2:20:00,1,0,0,0,0,0
010115Lab,Phleg,3:15:00,0,0,0,0,0,0
010115Lab,Phleg,3:15:00,1,0,0,0,0,0
010115Lab,M. fort,4:00:00,2,1,0,0,0,1
010115Lab,Phleg,4:00:00,3,0,0,0,0,2
010115Lab,Phleg,1:30:00,4,0,0,0,0,4
010115Lab,Phleg,3:15:00,5,0,0,0,0,4
010115Tit,G. sal,1:15:00,0,0,0,0,0,0
010115Tit,D. mer,4:00:00,0,0,0,0,0,0
010115Tit,D. mer,4:00:00,1,0,0,0,0,1
010115Tit,G. sal,4:00:00,3,0,0,0,0,3
010117Lab,Rheg,4:00:00,1,0,0,0,0,1
010117Lab,Rheg,4:00:00,5,0,0,0,0,4
010117Lab,Rheg,3:50:00,8,0,0,0,0,7
010117Stu,Phleg,2:50:00,2,0,0,0,0,1
010117Stu,M. fort,3:00:00,5,0,0,0,0,3
010117Tit,D. mer,2:00:00,0,0,0,0,0,0
010117Tit,G. sal,3:30:00,0,0,0,0,0,0
010117Tit,Phleg,2:40:00,3,0,0,0,0,3
010118Lab,D. mer,2:00:00,2,0,0,0,0,2
010118Tit,Phleg,2:10:00,0,0,0,0,0,0
010118Tit,D. mer,4:00:00,0,0,0,0,0,0
010118Tit,G. sal,1:00:00,1,0,0,0,0,1
010118Tit,Phleg,1:41:00,1,0,0,0,0,1
010118Tit,Phleg,1:20:00,2,0,0,0,0,2
010118Tit,D. mer,4:00:00,7,0,0,0,0,4
010119Lab,D. mer,1:00:00,0,0,0,0,0,0
010119Lab,D. mer,1:50:00,0,0,0,0,0,0
010119Lab,D. mer,4:00:00,1,0,0,0,0,0
010119Lab,D. mer,2:20:00,2,0,0,0,0,1
010119Lab,D. mer,2:40:00,1,0,1,0,0,1
010119Lab,M. fort,1:30:00,2,0,0,0,0,2
010119Lab,D. mer,1:40:00,2,0,0,0,0,2
010119Lab,D. mer,3:20:00,5,0,0,0,0,2
010122Tit,G. sal,2:10:00,2,0,0,0,0,1
010123Lab,M. fort,1:20:00,0,0,0,0,0,0
010123Lab,M. fort,1:50:00,0,0,0,0,0,0
010123Lab,Phleg,3:40:00,2,0,0,0,0,0
010123Lab,Phleg,1:10:00,1,0,0,0,0,1
010123Lab,G. sal,2:20:00,1,0,0,0,0,1
010123Lab,Phleg,1:40:00,2,0,0,0,0,1
010123Lab,Rheg,2:00:00,1,0,2,0,0,1
010123Lab,M. fort,2:50:00,2,0,0,0,0,2
010123Lab,Phleg,4:00:00,4,0,0,0,0,3
010123Lab,Phleg,3:40:00,3,0,0,1,0,3
010123Tit,M. fort,1:00:00,0,0,0,0,0,0
010123Tit,Rheg,3:00:00,0,0,0,0,0,0
010123Tit,D. mer,4:00:00,2,0,0,0,0,0
010123Tit,D. mer,5:00:00,3,0,0,0,0,0
010123Tit,Rheg,1:28:00,1,0,0,0,0,1
010123Tit,D. mer,2:15:00,3,0,0,0,0,1
010124Izu,Phleg,1:50:00,0,0,0,0,0,0
010124Izu,D. mer,2:00:00,1,0,0,0,0,1
010124Izu,Phleg,3:30:00,2,0,0,0,0,1
010124Izu,D. mer,4:00:00,2,0,0,0,0,1
010124Tit,M. fort,1:15:00,0,0,0,0,0,0
010124Tit,G. sal,1:20:00,0,0,0,0,0,0
010124Tit,Rheg,4:00:00,0,0,0,0,0,0
010124Tit,D. mer,1:05:00,1,0,0,0,0,1
010124Tit,D. mer,3:50:00,3,0,0,0,0,2
010124Tit,M. fort,1:30:00,4,0,0,0,0,4
010125Lab,Phleg,3:00:00,0,0,0,0,0,0
010125Lab,Phleg,5:00:00,1,0,0,0,0,1
010125Lab,Phleg,5:00:00,8,0,0,0,0,2
010125Tit,G. sal,4:00:00,1,0,0,0,0,0
010125Tit,Rheg,2:35:00,2,0,0,0,0,0
010125Tit,G. sal,2:10:00,1,0,0,0,0,1
010125Tit,Phleg,2:10:00,1,0,0,0,0,1
010125Tit,G. sal,2:40:00,1,0,0,0,0,1
010125Tit,Rheg,4:00:00,1,0,0,0,0,1
010125Tit,G. sal,2:10:00,3,0,0,0,0,3
010126Izu,Phleg,2:10:00,0,0,0,0,0,0
010126Izu,D. mer,3:00:00,0,0,0,0,0,0
010126Izu,D. mer,1:10:00,0,0,1,0,0,0
010126Izu,D. mer,4:00:00,0,0,1,0,0,0
010126Izu,D. mer,2:30:00,1,0,0,0,0,1
010126Izu,D. mer,4:00:00,1,0,1,0,0,1
010126Izu,D. mer,4:00:00,2,0,0,0,0,2
010126Izu,M. fort,1:00:00,3,0,0,0,0,2
010126Izu,D. mer,4:00:00,3,0,0,0,0,2
010126Izu,M. fort,1:50:00,4,0,0,0,0,2
010126Izu,D. mer,4:00:00,5,0,1,0,0,4
010127Lab,D. mer,1:30:00,0,0,0,0,0,0
010127Lab,D. mer,5:00:00,3,0,0,0,0,0
010129Izu,Rheg,1:53:00,0,0,0,0,0,0
010129Izu,G. sal,4:00:00,0,0,0,0,0,0
010129Izu,D. mer,4:45:00,0,0,0,0,0,0
010129Izu,D. mer,5:00:00,0,0,0,0,0,0
010129Izu,D. mer,5:00:00,0,0,0,0,0,0
010129Izu,Rheg,1:00:00,1,0,0,0,0,0
010129Izu,G. sal,1:30:00,1,0,0,0,0,0
010129Izu,D. mer,4:00:00,1,0,0,0,0,0
010129Izu,M. fort,4:45:00,1,0,0,0,0,0
010129Izu,D. mer,2:00:00,4,0,0,0,0,0
010129Izu,Rheg,4:20:00,4,0,0,0,0,0
010129Izu,D. mer,2:20:00,0,2,0,0,0,0
010129Izu,M. fort,1:29:00,1,0,0,0,0,1
010129Izu,D. mer,1:30:00,1,0,0,0,1,1
010129Izu,D. mer,3:10:00,2,0,0,0,0,2
010129Izu,D. mer,4:00:00,4,0,0,0,0,2
010130Let,G. sal,2:40:00,1,0,0,0,0,0
010130Let,G. sal,3:20:00,2,0,0,0,0,1
010130Stu,D. mer,1:00:00,0,0,0,0,0,0
010130Stu,D. mer,2:00:00,1,0,0,0,0,1
010131Let,Phleg,1:45:00,0,0,0,0,0,0
010131Let,Phleg,3:30:00,0,0,0,0,0,0
010131Let,Phleg,4:00:00,1,0,0,0,0,0
010131Let,Phleg,4:00:00,5,0,0,0,0,2
010131Let,G. sal,4:00:00,6,0,0,0,0,4
010131Stu,D. mer,1:00:00,0,0,0,0,0,0
010131Stu,D. mer,1:10:00,0,0,0,0,0,0
010131Stu,Phleg,2:40:00,0,0,0,0,0,0
010131Stu,D. mer,2:45:00,3,0,0,0,0,0
010131Stu,Phleg,5:00:00,3,0,0,0,0,0
010131Stu,D. mer,4:00:00,1,0,0,0,0,1
010131Stu,Phleg,4:00:00,2,0,0,0,0,1
010131Stu,D. mer,3:51:00,3,0,0,0,0,1
010131Stu,D. mer,3:40:00,1,0,1,0,0,1
010201Izu,Rheg,3:30:00,3,1,0,0,0,2
010201Stua,M. fort,2:10:00,0,0,0,0,0,0
010201Stua,D. mer,3:40:00,0,0,0,0,0,0
010201Stua,Phleg,4:00:00,0,0,0,0,0,0
010201Stua,D. mer,1:30:00,1,0,0,0,0,0
010201Stua,M. fort,2:20:00,2,0,0,0,0,1
010201Stua,Phleg,1:30:00,2,0,0,0,0,2
010201Stub,D. mer,4:00:00,0,0,0,0,0,0
010202Izua,Rheg,3:29:00,1,0,0,0,0,1
010202Izub,Rheg,4:00:00,0,0,2,0,0,0
010202Izub,Rheg,,4,0,0,0,0,2
010202Izub,D. mer,4:00:00,4,2,0,0,0,3
010202Izub,Rheg,4:00:00,4,0,0,0,1,4
010202Lab,Phleg,2:30:00,2,0,0,0,1,0
010202Lab,Phleg,4:00:00,2,0,1,0,1,0
010202Lab,M. fort,4:00:00,1,0,0,0,0,1
010202Lab,Phleg,3:00:00,3,0,0,0,0,1
010202Lab,Phleg,4:00:00,3,0,0,0,1,1
010202Lab,Phleg,4:00:00,10,0,1,0,0,6
010202Stua,G. sal,2:00:00,0,0,0,0,0,0
010203Izua,D. mer,4:00:00,0,0,0,0,0,0
010203Izua,Rheg,4:00:00,2,0,0,0,0,1
010203Izua,M. fort,4:00:00,2,0,0,0,0,2
010203Izua,Rheg,4:00:00,5,0,0,0,1,4
010203Izua,Rheg,2:20:00,8,0,0,0,0,6
010203Izub,Rheg,1:50:00,0,0,0,0,0,0
010203Izub,Rheg,2:20:00,1,0,0,0,0,1
010203Izub,D. mer,4:00:00,2,0,1,0,0,2
010203Izub,Rheg,2:40:00,3,0,1,0,0,3
010203Stu,D. mer,1:15:00,0,0,0,0,0,0
010205Izu,G. sal,3:00:00,1,0,0,0,0,1
010205Izu,Rheg,4:00:00,2,0,0,0,0,1
010205Izu,Rheg,4:00:00,3,0,0,0,1,2
010205Let,Phleg,3:50:00,0,0,0,0,0,0
010205Stu,D. mer,1:40:00,1,0,0,0,0,0
010205Stu,D. mer,3:20:00,1,0,0,0,0,0
010205Stu,G. sal,4:00:00,2,0,0,0,0,1
010205Stu,G. sal,1:20:00,2,0,0,0,0,2
010205Stu,G. sal,4:00:00,2,0,0,0,0,2
010206Izu,D. mer,1:10:00,0,0,0,0,0,0
010206Izu,Rheg,1:15:00,0,0,0,0,0,0
010206Izu,G. sal,1:10:00,0,1,0,0,0,0
010206Izu,Rheg,1:30:00,4,0,0,0,0,1
010206Izu,Rheg,3:00:00,3,1,0,1,0,1
010206Izu,D. mer,5:00:00,6,1,0,0,1,1
010206Izu,Rheg,3:30:00,5,0,0,1,0,3
010207Izu,Rheg,0:51:00,1,0,0,0,0,1
010207Izu,Rheg,3:39:00,3,0,2,0,0,2
010207Lab,M. fort,2:30:00,0,0,0,2,0,0
010207Lab,M. fort,3:00:00,3,0,0,0,0,3
010209Lab,D. mer,4:00:00,2,0,0,0,0,0
010210Lab,G. sal,1:00:00,1,0,0,0,0,1
010210Lab,G. sal,1:30:00,3,1,0,0,0,2
070525LabbieAM,M. fort,1:00:00,1,0,0,0,0,1
070525LabbieAM,M. fort,3:18:00,1,0,0,0,0,1
070525LabbieAM,M. fort,1:00:00,0,0,0,0,0,0
070225LabbieAM,M. fort,1:20:00,0,0,0,0,0,0
070225LabbieAM,M. fort,1:05:00,1,0,0,0,0,1
070529NellyAM,M. fort,2:12:00,3,0,0,0,0,2
070529NellyAM,M. fort,3:30:00,5,0,0,0,0,0
070529NellyAM,M. fort,1:38:00,2,0,0,0,0,0
070526KathyAM,M. fort,0:40:00,2,0,0,0,0,2
070526KathyAM,M. fort,1:05:00,1,0,0,0,0,1
070526KathyAM,M. fort,1:00:00,2,0,0,0,0,0
070529NellyAM,M. fort,1:00:00,1,0,0,0,0,1
070531LabbieAM,M. fort,0:20:00,1,0,0,1,0,1
070531LabbieAM,M. fort,1:34:00,3,0,0,0,0,2
070531LabbieAM,M. fort,1:03:00,0,0,0,0,0,0
070531LabbieAM,M. fort,1:36:00,0,0,0,0,0,0
070531LabbieAM,M. fort,1:02:00,0,0,0,0,0,0
070531LabbieAM,M. fort,2:02:00,3,0,0,0,0,0
070531LabbieAM,M. fort,1:59:00,3,0,0,0,0,1
070531LabbieAM,M. fort,2:13:00,3,0,0,0,0,0
070521JudyAM,D. mer,1:56:00,0,0,0,0,0,0
070522JudyAM,D. mer,1:49:00,0,1,0,0,0,0
070522NellyAM,D. mer,1:09:00,1,0,0,0,0,0
070522NellyAM,D. mer,1:45:00,1,0,0,0,0,1
070522NellyAM,D. mer,2:38:00,0,0,0,6,0,0
070522NellyAM,D. mer,2:16:00,2,0,0,0,1,1
070522NellyAM,D. mer,1:14:00,2,0,0,1,0,1
070524ChrisAM,D. mer,3:18:00,2,0,0,0,0,2
070524ChrisAM,D. mer,1:09:00,0,0,0,0,0,0
070522JudyAM,D. mer,2:30:00,2,0,0,0,0,2
070524ChrisAM,D. mer,1:20:00,4,0,0,0,0,2
070524ChrisAM,D. mer,2:30:00,3,0,0,0,0,2
070524ChrisAM,D. mer,2:41:00,5,0,1,0,0,0
070524ChrisAM,D. mer,2:14:00,6,0,0,1,0,3
070524ChrisAM,D. mer,1:03:00,1,0,0,0,0,0
070524ChrisAM,D. mer,2:54:00,0,0,0,1,0,0
070524ChrisAM,D. mer,5:30:00,6,0,0,0,0,1
070524ChrisPM,D. mer,2:34:00,2,0,0,0,1,2
070524ChrisPM,D. mer,2:28:00,2,0,0,0,0,0
070524ChrisPM,D. mer,2:22:00,2,1,0,0,0,0
070524ChrisPM,D. mer,3:00:00,2,0,0,0,0,2
070528JudyAM,D. mer,3:23:00,2,0,0,0,0,1
070528JudyAM,D. mer,3:27:00,2,0,0,0,0,2
070528JudyAM,D. mer,2:53:00,0,0,0,0,0,0
070528JudyAM,D. mer,2:15:00,1,0,0,0,0,1
070528JudyAM,D. mer,2:00:00,0,0,0,0,0,0
070528JudyAM,D. mer,3:00:00,2,0,1,0,0,1
070528JudyAM,D. mer,1:20:00,2,0,1,0,0,1
070528JudyAM,D. mer,2:08:00,1,0,1,0,0,1
070528JudyAM,D. mer,1:43:00,2,0,1,0,0,1
070528JudyAM,D. mer,4:00:00,1,0,0,0,0,1
070528JudyPM,D. mer,1:28:00,0,0,0,0,0,0
070528JudyPM,D. mer,1:41:00,0,0,0,0,0,0
070528JudyPM,D. mer,1:57:00,1,1,0,1,0,1
070529NellyAM,D. mer,4:35:00,0,0,0,0,0,0
070529NellyAM,D. mer,1:39:00,1,0,0,0,0,1
070525KathyAM,D. mer,4:47:00,5,0,1,0,2,4
070525KathyAM,D. mer,3:59:00,4,0,0,0,0,4
070529NellyAM,D. mer,1:15:00,0,0,0,0,0,0
070531NellyAM,D. mer,2:02:00,2,0,0,0,0,2
070531NellyAM,D. mer,3:43:00,5,0,0,0,0,3
070531NellyAM,D. mer,1:23:00,2,0,0,0,0,1
070531NellyAM,D. mer,3:02:00,2,0,1,0,0,1
070531NellyAM,D. mer,1:54:00,3,0,0,0,0,2
070531NellyAM,D. mer,2:14:00,3,0,1,0,0,1
070531NellyAM,D. mer,3:58:00,3,0,1,0,0,1
070531NellyAM,D. mer,2:40:00,2,0,1,0,1,0
070531NellyAM,D. mer,4:41:00,15,0,0,0,0,13
070531NellyAM,D. mer,2:30:00,2,0,0,0,0,2
070531NellyAM,D. mer,1:48:00,1,0,0,0,0,1
070531NellyAM,D. mer,1:35:00,0,0,0,0,0,0
070531NellyAM,D. mer,1:02:00,0,0,1,0,1,0
070601KathyAM,D. mer,2:36:00,3,1,0,0,0,1
070601KathyPM,D. mer,1:03:00,1,0,0,0,0,1
070602JudyAM,D. mer,1:03:00,0,0,0,0,0,0
070602JudyAM,D. mer,1:06:00,1,0,0,0,0,1
070604KathyAM,D. mer,3:10:00,6,0,0,0,0,2
070604KathyAM,D. mer,2:24:00,2,1,0,0,0,0
070604KathyAM,D. mer,2:46:00,2,0,0,0,0,1
070604KathyAM,D. mer,1:12:00,2,0,0,0,0,1
070604KathyAM,D. mer,1:54:00,1,0,0,0,0,1
070604KathyAM,D. mer,1:46:00,0,0,0,0,0,0
070602JudyAM,D. mer,1:00:00,0,0,0,0,0,0
070602JudyAM,D. mer,1:23:00,1,0,0,0,0,0
070602JudyAM,D. mer,0:43:00,0,1,0,0,1,0
070604KathyAM,D. mer,1:12:00,1,0,0,0,0,1
070604KathyAM,D. mer,2:22:00,1,1,0,0,0,1
070517JudyAM,Rheg,0:55:00,2,0,0,0,0,2
070521JudyAM,Rheg,2:55:00,4,0,0,0,0,1
070521JudyAM,Rheg,5:35:00,3,0,0,0,0,2
070522JudyAM,Rheg,1:22:00,2,0,0,0,0,0
070522JudyAM,Rheg,3:07:00,5,0,0,0,0,3
070522JudyAM,Rheg,2:00:00,6,0,0,0,0,4
070522JudyAM,Rheg,1:15:00,2,0,1,0,0,2
070522JudyAM,Rheg,3:31:00,6,0,0,0,0,5
070606ChrisPM,M. fort,2:23:00,4,0,0,0,0,1
070606ChrisPM,M. fort,1:03:00,0,0,0,1,0,0
070605JudyPM,D. mer,2:10:00,2,0,0,0,0,1
070606NellyAM,D. mer,1:05:00,1,1,0,0,0,1
070606NellyAM,D. mer,1:03:00,1,0,0,0,0,1
070606NellyAM,D. mer,1:31:00,0,0,0,0,0,0
070606NellyAM,D. mer,1:43:00,1,0,0,0,0,1
070606NellyAM,D. mer,1:10:00,0,0,0,0,0,0
070606NellyAM,D. mer,1:13:00,2,1,0,0,0,1
070606ChrisAM,D. mer,1:18:00,1,0,0,0,0,1
070606JudyPM,D. mer,2:58:00,3,1,0,0,1,2
070606JudyPM,D. mer,2:07:00,0,0,1,0,0,0
070606JudyPM,D. mer,1:46:00,0,1,0,0,0,0
070607Eliana AM,D. mer,3:09:00,1,0,0,0,0,1
070607ElianaAM,D. mer,1:03:00,4,0,0,0,0,4
070607ElianaAM,D. mer,1:15:00,0,0,1,0,1,0
070606ChrisAM,D. mer,1:24:00,1,1,0,0,0,0
070606ChrisAM,D. mer,2:26:00,4,0,0,0,0,2
070606ChrisAM,D. mer,2:04:00,0,0,0,0,0,0
070523Judy,Rheg,1:27:00,4,0,0,0,1,2
070523Judy,Rheg,2:54:00,3,0,0,0,0,2
070523Judy,Rheg,1:21:00,5,0,0,1,1,3
070523Judy,Rheg,1:00:00,2,0,2,0,0,1
070523Judy,Rheg,1:50:00,2,0,0,0,0,2
070522Judy,Rheg,2:00:00,6,0,0,0,0,4
070525Gayatri,Rheg,2:29:00,2,0,0,0,0,1
070525Gayatri,Rheg,2:52:00,4,0,0,0,0,4
070523Gayatri,Rheg,4:11:00,19,0,0,0,0,8
070523Gayatri,Rheg,1:57:00,1,0,1,0,0,0
070523Gayatri,Rheg,2:06:00,6,0,0,0,0,2
070523Gayatri,Rheg,1:25:00,5,0,0,0,0,1
070528JudyAM,Rheg,1:45:00,3,0,0,0,0,2
070528JudyAM,Rheg,3:30:00,3,0,0,0,0,1
070528JudyAM,Rheg,2:13:00,1,0,0,0,0,0
070523JudyAM,Rheg,6:15:00,9,0,0,0,1,3
070528JudyAM,Rheg,8:59:00,14,0,0,0,0,7
070528JudyAM,Rheg,6:15:00,7,0,0,0,1,2
070528JudyPM,Rheg,2:41:00,1,0,0,0,0,1
070528JudyPM,Rheg,2:35:00,3,0,0,0,0,2
070525KathyAM,Rheg,1:07:00,1,0,0,0,0,1
070525KathyAM,Rheg,2:14:00,3,0,0,0,0,2
070525KathyAM,Rheg,1:18:00,1,1,0,0,0,1
070531LabbieAM,Rheg,1:20:00,2,0,1,0,0,2
070531LabbieAM,Rheg,1:36:00,1,0,10,0,0,0
070531LabbieAM,Rheg,3:17:00,1,0,0,0,0,0
070531LabbieAM,Rheg,2:51:00,6,0,0,0,0,3
070531LabbieAM,Rheg,1:28:00,1,0,1,0,0,1
070531LabbieAM,Rheg,2:08:00,2,0,0,0,0,2
070531LabbieAM,Rheg,1:25:00,1,0,0,0,0,1
070531LabbieAM,Rheg,1:36:00,0,0,0,0,0,0
070531LabbieAM,Rheg,1:15:00,2,0,0,0,0,1
070531LabbieAM,Rheg,1:30:00,2,0,0,0,0,2
070531LabbieAM,Rheg,1:22:00,6,0,0,0,0,2
070531LabbieAM,Rheg,2:20:00,4,1,0,0,0,1
070531LabbieAM,Rheg,1:58:00,5,0,0,0,0,0
070531LabbieAM,Rheg,1:40:00,1,0,0,0,0,1
070531LabbieAM,Rheg,2:06:00,1,0,0,0,0,0
070531LabbieAM,Rheg,3:52:00,3,0,0,0,0,0
070531LabbieAM,Rheg,2:48:00,2,0,0,0,0,1
070531LabbieAM,Rheg,1:36:00,0,0,0,0,0,0
070531LabbieAM,Rheg,3:30:00,4,0,0,0,0,1
070531LabbieAM,Rheg,2:35:00,5,0,1,0,0,4
070531LabbieAM,Rheg,2:14:00,5,0,0,0,0,3
070531LabbieAM,Rheg,1:11:00,1,0,0,0,0,1
070601KathyAM,Rheg,3:32:00,5,0,0,0,0,5
070601KathyAM,Rheg,1:05:00,3,0,1,0,1,2
070601KathyAM,Rheg,2:23:00,4,0,0,0,0,1
070601KathyAM,Rheg,5:02:00,5,0,0,0,0,0
070601KathyAM,Rheg,1:12:00,3,0,0,0,0,1
070601KathyAM,Rheg,1:08:00,1,0,0,0,0,1
070601KathyAM,Rheg,1:44:00,1,0,0,0,0,1
070601KathyAM,Rheg,3:38:00,6,2,0,0,0,4
070601KathyAM,Rheg,4:12:00,3,4,0,0,0,0
070601KathyAM,Rheg,2:23:00,1,2,0,0,0,1
070601KathyPM,Rheg,2:11:00,4,0,0,0,0,1
070601KathyPM,Rheg,1:53:00,3,0,0,0,0,3
070601KathyPM,Rheg,1:05:00,1,0,0,0,0,1
070601KathyPM,Rheg,1:43:00,0,0,0,0,0,0
070601KathyPM,Rheg,2:01:00,1,0,0,0,0,1
070602JudyAM,Rheg,1:33:00,0,0,0,0,0,0
070602JudyAM,Rheg,3:57:00,2,0,0,0,0,2
070602JudyAM,Rheg,6:00:00,3,0,0,0,0,1
070602JudyAM,Rheg,2:28:00,1,0,0,0,0,1
070602JudyAM,Rheg,1:20:00,2,0,0,0,1,0
070602JudyAM,Rheg,2:06:00,1,0,0,0,0,1
070602JudyAM,Rheg,1:58:00,1,0,0,0,0,1
070602JudyAM,Rheg,2:26:00,2,0,0,0,0,1
070604KathyAM,Rheg,1:51:00,3,0,0,0,0,2
070604KathyAM,Rheg,4:05:00,9,0,0,0,1,5
070604KathyAM,Rheg,3:10:00,2,0,0,0,0,0
070604KathyAM,Rheg,2:52:00,4,0,0,0,0,2
070602JudyAM,Rheg,1:35:00,1,0,0,0,0,1
070602JudyAM,Rheg,2:34:00,0,0,0,0,0,0
070602JudyAM,Rheg,1:24:00,1,0,0,0,0,1
070602JudyAM,Rheg,3:39:00,1,0,1,0,0,0
070602JudyAM,Rheg,2:01:00,0,0,0,0,0,0
070602JudyAM,Rheg,3:25:00,5,0,0,0,0,3
070602JudyAM,Rheg,0:56:00,0,0,1,0,0,0
070602JudyAM,Rheg,1:21:00,1,0,0,0,0,1
070602JudyAM,Rheg,2:03:00,0,0,0,0,0,0
070602JudyAM,Rheg,2:02:00,2,0,0,0,0,2
070602JudyAM,Rheg,0:44:00,1,1,0,0,0,1
070602JudyAM,Rheg,1:10:00,1,0,0,0,0,1
070602JudyAM,Rheg,1:52:00,2,0,0,0,0,1
070602JudyAM,Rheg,1:02:00,0,0,0,0,0,0
070602JudyAM,Rheg,1:00:00,0,0,0,0,0,0
070602JudyAM,Rheg,1:05:00,1,0,0,0,0,1
070604KathyAM,Rheg,1:23:00,2,0,0,0,0,0
070604KathyAM,Rheg,1:00:00,0,1,0,0,0,0
070604KathyAM,Rheg,3:22:00,6,0,0,0,0,4
070604KathyAM,Rheg,1:58:00,1,0,0,0,0,1
070604KathyAM,Rheg,1:04:00,3,0,0,0,0,2
070604KathyPM,Rheg,2:30:00,0,1,0,0,0,0
070604KathyPM,Rheg,3:13:00,5,0,0,0,0,1
070604KathyPM,Rheg,1:13:00,2,0,3,0,0,1
070604KathyPM,Rheg,1:25:00,1,0,0,0,0,1
070604KathyPM,Rheg,1:10:00,2,0,0,0,0,2
070604KathyPM,Rheg,2:11:00,1,0,0,0,0,1
070604KathyPM,Rheg,2:03:00,1,1,0,0,0,1
070604KathyPM,Rheg,3:55:00,7,0,0,0,0,6
070604KathyPM,Rheg,0:56:00,0,1,0,0,0,0
060606ChrisAM,Rheg,4:50:00,2,1,0,0,0,2
070607ElianaAM,Rheg,5:11:00,1,0,0,0,0,1
070606ChrisAM,Rheg,2:42:00,2,2,0,0,0,0
070606ChrisAM,Rheg,1:27:00,2,0,0,0,0,0
070606ChrisAM,Rheg,3:38:00,9,0,0,0,0,2
070606ChrisAM,Rheg,1:58:00,0,1,0,0,1,0
070606ChrisAM,Rheg,2:34:00,3,0,0,0,0,2
070606ChrisAM,Rheg,2:48:00,1,0,0,0,0,1
070606ChrisAM,Rheg,1:05:00,0,0,0,10,0,0
070609KathyAM,Rheg,2:02:00,3,0,0,0,0,2
070609KathyAM,Rheg,1:21:00,1,0,0,0,0,0
070609KathyAM,Rheg,2:08:00,4,0,0,0,0,2
070609KathyAM,Rheg,1:35:00,1,0,0,0,0,1
070609KathyAM,Rheg,1:13:00,1,1,0,0,0,0
070609KathyAM,Rheg,2:17:00,2,0,0,0,0,0
070522JudyAM,G. sal,1:10:00,4,0,0,0,0,3
070522NellyAM,G. sal,1:47:00,1,0,0,0,0,1
070523JudyAM,G. sal,2:37:00,3,0,1,0,0,2
070523JudyAM,G. sal,1:04:00,2,0,0,0,0,2
070523JudyAM,G. sal,1:32:00,3,0,0,0,1,0
070523JudyAM,G. sal,2:48:00,3,0,1,0,0,1
070522JudyAM,G. sal,2:37:00,1,0,0,0,0,1
070522JudyAM,G. sal,1:30:00,1,0,0,0,0,1
070522JudyAM,G. sal,3:58:00,1,0,0,0,0,1
070522JudyAM,G. sal,1:00:00,0,1,0,0,0,0
070524LabbieAM,G. sal,1:10:00,1,0,0,0,0,1
070524KathyAM,G. sal,1:59:00,2,0,0,0,0,2
070611KathyAM,M. fort,0:44:00,1,0,0,0,0,1
070611KathyAM,M. fort,0:00:01,1,0,0,0,0,1
070611KathyAM,M. fort,0:00:02,2,0,0,0,0,2
070611KathyAM,M. fort,0:00:02,0,0,0,0,0,0
070611KathyAM,M. fort,0:00:01,0,0,0,0,0,0
070611KathyAM,M. fort,0:00:01,0,0,0,0,0,0
070611KathyAM,M. fort,0:00:01,1,0,0,0,0,1
070611KathyAM,M. fort,0:00:01,2,0,0,0,0,1
070611KathyAM,M. fort,0:00:01,2,0,0,0,0,1
070611KathyAM,M. fort,0:00:01,0,1,0,0,0,0
070611KathyAM,M. fort,0:00:01,1,0,0,0,0,1
070611KathyAM,M. fort,0:00:01,1,0,0,0,0,1
070611KathyAM,M. fort,0:00:02,0,0,0,0,0,0
070611KathyAM,M. fort,0:00:01,1,0,0,0,0,1
070611KathyAM,M. fort,0:00:01,1,0,0,0,0,1
070609KathyAM,D. mer,0:00:01,1,1,0,0,0,0
070609KathyAM,D. mer,0:00:02,1,0,0,1,0,1
070609ElianaAM,D. mer,0:00:01,2,0,0,0,0,2
070609ElianaAM,D. mer,0:00:02,0,0,1,0,0,0
070609ElianaAM,D. mer,0:00:01,0,0,0,0,0,0
070611KathyAM,D. mer,0:00:04,2,0,0,0,0,0
070611KathyAM,D. mer,0:00:03,2,0,0,0,0,2
070611KathyAM,D. mer,0:00:01,0,1,0,1,0,0
070611KathyAM,D. mer,0:00:01,0,0,0,0,0,0
070611KathyAM,D. mer,0:00:02,1,0,0,0,0,1
070611KathyAM,D. mer,0:00:01,0,0,0,0,0,0
070611KathyAM,D. mer,0:00:01,1,0,0,0,0,1
070611ChrisAM,D. mer,0:00:04,3,0,0,1,1,1
070611ChrisAM,D. mer,0:00:01,0,0,0,0,0,0
070611ChrisAM,D. mer,0:00:03,3,0,0,0,1,2
070611ChrisAM,D. mer,0:00:01,0,0,0,0,0,0
070611ChrisAM,D. mer,0:00:02,0,0,0,0,0,0
070611ElianaAM,D. mer,0:00:03,5,0,0,0,0,3
070611ElianaAM,D. mer,0:00:01,1,0,0,0,1,1
070611ElianaAM,D. mer,0:00:02,4,0,1,0,0,3
070611ElianaAM,D. mer,0:00:03,2,0,0,0,0,1
070611ElianaAM,D. mer,0:00:05,4,0,0,0,0,1
070611ElianaAM,D. mer,0:00:02,2,0,0,0,0,2
070611ElianaAM,D. mer,0:00:04,0,0,1,0,0,0
070611ElianaAM,D. mer,0:00:04,2,0,1,0,0,0
070611ElianaAM,D. mer,0:00:01,2,0,0,0,1,2
070611ElianaAM,D. mer,0:00:03,1,0,0,0,0,0
070611ElianaAM,D. mer,0:00:02,2,0,0,0,0,2
070611ElianaAM,D. mer,0:00:01,4,0,0,0,0,1
070611ElianaAM,D. mer,0:00:03,0,0,0,0,0,0
070611ElianaAM,D. mer,0:00:04,3,0,1,0,1,2
070611ElianaAM,D. mer,0:00:02,4,0,0,0,2,0
070611ElianaAM,D. mer,0:00:02,1,0,0,0,1,0
070611ElianaAM,D. mer,0:00:02,2,0,0,0,0,1
070611KathyAM,D. mer,0:00:01,1,0,0,0,0,0
070611KathyAM,D. mer,0:00:01,0,0,0,0,0,0
070609ElianaAM,Rheg,0:00:01,1,0,0,0,0,1
070609ElianaAM,Rheg,0:00:01,1,0,0,0,0,1
070609ElianaAM,Rheg,0:00:01,9,0,0,0,0,0
070611KathyAM,Rheg,0:00:02,2,0,0,0,0,2
070611KathyAM,Rheg,0:00:02,0,0,0,0,0,0
070611KathyAM,Rheg,0:00:01,1,0,0,0,0,1
070611KathyAM,Rheg,0:00:02,1,1,0,0,0,1
070611KathyAM,Rheg,0:00:01,3,0,0,0,0,3
070611KathyAM,Rheg,0:00:01,0,1,0,0,0,0
070611KathyAM,Rheg,0:00:01,1,0,1,0,0,1
070611KathyAM,Rheg,0:00:01,1,0,0,0,0,1
070611KathyAM,Rheg,0:00:01,1,0,0,0,0,0
070611KathyAM,Rheg,0:00:02,4,0,0,0,0,3
070611ChrisAM,Rheg,0:00:01,3,0,0,0,0,1
070611ChrisAM,Rheg,0:00:01,1,0,0,0,0,0
070611ChrisAM,Rheg,0:00:01,4,0,0,0,0,1
070611ChrisAM,Rheg,0:00:01,1,0,0,0,0,0
070609KathyAM,Rheg,0:00:01,1,0,0,0,0,1
070611KathyAM,Rheg,0:00:03,9,0,0,0,0,3
070611KathyAM,Rheg,0:00:01,3,0,0,0,0,1
070611KathyAM,Rheg,0:00:01,2,0,0,0,0,0
070611KathyAM,Rheg,0:00:01,2,0,0,0,0,1
070611KathyAM,Rheg,0:00:01,1,0,0,0,0,1
070611KathyAM,Rheg,0:00:01,0,1,2,0,0,0
070611KathyAM,Rheg,0:00:01,1,0,0,0,0,1
070611KathyAM,Rheg,0:00:01,0,0,0,0,0,0
070611KathyAM,Rheg,0:00:01,1,0,0,1,0,1
070611KathyAM,Rheg,0:00:02,2,0,0,0,0,1
070524KathyAM,G. sal,0:00:01,3,0,0,0,0,1
070524KathyAM,G. sal,0:00:01,4,0,0,0,0,3
070524KathyAM,G. sal,0:00:01,0,0,0,0,0,0
070524KathyAM,G. sal,0:00:02,3,0,0,0,0,1
070524KathyAM,G. sal,0:00:02,1,0,0,0,0,0
070528JudyPM,G. sal,0:00:02,3,0,0,0,0,2
070528JudyPM,G. sal,0:00:02,1,0,0,0,0,1
070528JudyPM,G. sal,0:00:01,1,0,0,0,0,1
070529NellyAM,G. sal,0:00:02,3,0,0,0,0,1
070529NellyAM,G. sal,0:00:04,2,0,0,0,0,0
070604KathyAM,G. sal,0:00:01,1,0,0,0,0,0
070604KathyAM,G. sal,0:00:04,0,1,0,0,1,0
070602JudyAM,G. sal,0:00:01,0,0,0,0,0,0
070604KathyAM,G. sal,0:00:01,1,0,0,0,0,0
070604KathyAM,G. sal,0:00:01,1,0,0,0,0,1
070606NellyAM,G. sal,0:00:02,0,0,0,0,0,0
070606NellyAM,G. sal,0:00:01,1,0,0,0,0,1
070606ChrisAM,G. sal,0:00:01,1,1,0,0,0,1
070607ElianaAM,G. sal,0:00:01,0,0,0,0,0,0
070607ElianaAM,G. sal,0:00:01,1,1,0,0,0,1
070607ElianaAM,G. sal,0:00:01,2,1,0,0,0,1
070607ElianaAM,G. sal,0:00:01,2,0,0,0,0,1
070607ElianaAM,G. sal,0:00:01,2,0,0,0,0,1
070607ElianaAM,G. sal,0:00:00,0,0,0,0,0,0
070607ElianaAM,G. sal,0:00:03,3,0,0,0,0,3
070609ElianaAM,G. sal,0:00:01,0,0,0,0,0,0
070609ElianaAM,G. sal,0:00:01,3,0,0,0,0,2
070609ElianaAM,G. sal,0:00:02,1,0,0,0,0,1
070611KathyAM,G. sal,0:00:01,1,1,0,0,0,1
070611KathyAM,G. sal,0:00:01,1,0,0,0,0,1
070611ChrisAM,G. sal,0:00:01,1,1,0,0,0,0
070611ChrisAM,G. sal,0:00:01,2,0,0,0,0,0
070611ChrisAM,G. sal,0:00:00,1,0,0,0,0,0
070611KathyAM,G. sal,0:00:02,0,0,0,0,0,0
070611KathyAM,G. sal,0:00:01,0,0,0,0,0,0
070611KathyAM,G. sal,0:00:02,1,0,0,0,0,1
070611KathyAM,G. sal,0:00:01,1,0,0,0,0,1
070611KathyAM,G. sal,0:00:01,1,0,0,0,0,0
070609ElianaAM,D. mer,2:05:00,1,0,0,0,0,1
070609ElianaAM,D. mer,3:28:00,1,0,1,0,0,1
070609ElianaAM,D. mer,1:02:00,0,0,0,0,1,0
070609ElianaAM,D. mer,1:16:00,0,0,1,0,0,0
070609ElianaAM,D. mer,0:56:00,1,0,0,0,1,1
070611ElianaAM,D. mer,1:05:00,0,0,1,0,2,0
070611ElianaAM,D. mer,3:02:00,1,0,1,0,0,1
070611ElianaAM,D. mer,1:23:00,1,0,0,0,0,1
070611ElianaAM,D. mer,3:08:00,1,0,0,0,1,0
070611ElianaAM,D. mer,1:25:00,1,0,1,0,2,1
070611ElianaAM,D. mer,3:06:00,3,0,1,0,1,2
070611ElianaAM,D. mer,2:35:00,0,0,0,0,0,0
070611ElianaAM,D. mer,1:12:00,2,0,0,0,0,1
070611ElianaAM,D. mer,1:15:00,1,0,0,0,1,1
070611ElianaAM,D. mer,1:05:00,1,0,0,0,0,1
070611ElianaAM,D. mer,0:54:00,0,0,1,0,0,0
070611ElianaAM,D. mer,1:16:00,0,0,2,0,0,0
070523NellyAM,Phleg,1:00:00,0,0,0,0,0,0
070524LabbieAM,Phleg,2:23:00,1,0,0,0,0,1
070524LabbieAM,Phleg,2:05:00,0,0,0,1,0,0
070524LabbieAM,Phleg,2:49:00,5,0,0,0,0,5
070524ElianaAM,Phleg,2:30:00,0,0,0,0,0,0
070524LabbieAM,Phleg,2:11:00,3,0,0,0,0,2
070524KathyAM,Phleg,0:40:00,0,0,1,0,1,0
070524KathyAM,Phleg,2:00:00,4,0,0,1,0,0
070524KathyPM,Phleg,1:25:00,3,0,2,0,0,0
070524KathyPM,Phleg,4:43:00,15,0,0,0,0,4
070524KathyPM,Phleg,1:23:00,2,0,0,1,0,1
070524KathyPM,Phleg,1:30:00,1,0,0,0,0,0
070524KathyPM,Phleg,2:09:00,4,0,2,0,0,1
070524KathyPM,Phleg,0:57:00,3,0,1,0,0,1
070524KathyPM,Phleg,1:43:00,5,0,0,0,0,0
070524KathyPM,Phleg,2:49:00,2,0,0,0,0,0
070524KathyPM,Phleg,2:25:00,5,0,0,0,0,0
070524KathyPM,Phleg,2:53:00,6,0,1,0,2,0
070524KathyPM,Phleg,2:17:00,6,0,0,0,1,1
070524KathyPM,Phleg,6:32:00,13,0,0,0,4,1
070524KathyPM,Phleg,2:25:00,2,0,0,0,2,0
070524KathyPM,Phleg,1:53:00,5,0,0,0,0,1
070526KathyAM,Phleg,1:00:00,1,0,0,0,0,1
070526KathyAM,Phleg,1:10:00,1,0,0,1,0,1
070526KathyAM,Phleg,1:02:00,1,0,0,0,0,1
070531KathyAM,Phleg,3:47:00,3,0,0,0,0,1
070531KathyAM,Phleg,3:35:00,5,0,0,0,0,2
070601KathyAM,Phleg,1:05:00,1,0,0,0,0,1
070601KathyAM,Phleg,1:54:00,1,0,0,0,0,1
070601KathyAM,Phleg,1:42:00,3,0,0,0,0,2
070601KathyAM,Phleg,2:12:00,3,0,0,0,0,2
070604KathyAM,Phleg,2:06:00,0,0,0,0,0,0
070604KathyAM,Phleg,0:00:03,3,0,0,0,0,1
070604KathyAM,Phleg,0:00:02,2,0,0,1,0,1
070604KathyAM,Phleg,0:00:01,1,0,0,0,0,1
070604KathyAM,Phleg,0:00:01,2,0,0,1,0,1
070604KathyAM,Phleg,0:00:02,1,0,0,0,0,1
070604KathyAM,Phleg,0:00:01,0,0,1,0,0,0
070604KathyAM,Phleg,0:00:01,1,0,0,0,0,0
070604KathyAM,Phleg,0:00:02,1,0,1,0,0,0
070604KathyAM,Phleg,0:00:01,2,0,0,1,0,2
070604KathyAM,Phleg,0:00:04,10,0,1,0,1,6
070604KathyAM,Phleg,0:00:02,1,0,0,0,0,0
070604KathyAM,Phleg,0:00:02,2,0,0,0,0,1
070604KathyAM,Phleg,0:00:01,1,0,0,0,0,1
070604KathyAM,Phleg,0:00:01,1,0,0,1,0,1
070604KathyAM,Phleg,0:00:01,4,0,0,0,0,2
070604KathyAM,Phleg,0:00:01,2,0,0,0,2,2
070604KathyAM,Phleg,0:00:01,0,0,0,0,1,0
070604KathyAM,Phleg,0:00:01,0,0,0,0,0,0
070604KathyAM,Phleg,0:00:02,2,0,0,0,0,1
070604KathyAM,Phleg,0:00:04,4,0,0,0,0,1
070604KathyAM,Phleg,1:50:00,2,0,0,0,0,0
070604KathyAM,Phleg,1:33:00,1,0,0,0,0,1
070604KathyAM,Phleg,1:00:00,1,0,0,0,0,1
070604KathyAM,Phleg,1:11:00,1,0,0,0,0,1
070604KathyAM,Phleg,1:02:00,2,0,0,0,0,0
070604KathyAM,Phleg,1:00:00,2,0,0,0,0,2
070604KathyAM,Phleg,1:20:00,2,0,0,0,0,1
070604KathyAM,Phleg,1:19:00,0,0,0,0,0,0
070604KathyAM,Phleg,1:22:00,1,0,0,0,0,1
070604KathyAM,Phleg,1:20:00,1,0,0,0,0,1
070604KathyAM,Phleg,1:32:00,0,0,0,0,0,0
070604KathyAM,Phleg,1:35:00,1,0,0,0,0,1
070604KathyAM,Phleg,4:35:00,6,0,0,0,1,3
070604KathyAM,Phleg,4:40:00,3,0,0,0,1,2
070604KathyAM,Phleg,3:23:00,4,0,0,0,0,3
070604KathyAM,Phleg,1:36:00,1,0,2,0,1,1
070604KathyAM,Phleg,1:38:00,0,0,1,0,0,0
070604KathyPM,Phleg,1:21:00,3,0,0,0,1,1
070604KathyPM,Phleg,1:30:00,3,0,1,1,0,1
070604KathyPM,Phleg,1:09:00,0,0,0,0,0,0
070604KathyPM,Phleg,3:21:00,2,0,0,0,0,2
070604KathyPM,Phleg,2:03:00,0,0,0,0,0,0
070604KathyPM,Phleg,1:06:00,1,0,0,0,0,1
070604KathyPM,Phleg,2:00:00,4,0,0,0,0,3
070604KathyPM,Phleg,1:06:00,1,0,1,0,0,1
070606NellyAM,Phleg,1:03:00,1,0,0,0,0,1
070606NellyAM,Phleg,0:52:00,4,0,0,1,0,1
070606NellyAM,Phleg,1:41:00,1,0,0,0,0,1
070606ChrisAM,Phleg,1:55:00,1,0,0,0,0,0
070606ChrisAM,Phleg,1:15:00,2,0,1,0,0,0
070606ChrisAM,Phleg,1:49:00,1,0,0,1,0,1
070606ChrisAM,Phleg,2:25:00,3,0,1,0,0,1
070606ChrisAM,Phleg,2:32:00,3,0,0,0,1,2
070606ChrisAM,Phleg,4:01:00,3,0,0,0,1,3
070606ChrisAM,Phleg,1:42:00,2,0,0,0,0,1
070606ChrisAM,Phleg,1:04:00,2,0,0,0,0,2
070606ChrisAM,Phleg,1:06:00,0,1,0,0,0,0
070606ChrisAM,Phleg,1:28:00,1,0,0,2,0,1
070606ChrisAM,Phleg,2:11:00,1,0,0,0,0,0
070606ChrisAM,Phleg,1:17:00,1,0,0,0,0,1
070606ChrisAM,Phleg,1:05:00,0,0,1,2,0,0
070606ChrisAM,Phleg,2:06:00,4,0,0,0,1,0
070606ChrisAM,Phleg,2:22:00,3,0,0,1,0,0
070606ChrisAM,Phleg,2:01:00,4,0,0,2,0,1
070606ChrisAM,Phleg,3:10:00,3,0,0,1,0,1
070606ChrisAM,Phleg,3:55:00,2,0,0,0,2,2
070606ChrisAM,Phleg,2:25:00,3,0,0,0,0,0
070606ChrisAM,Phleg,1:02:00,4,0,0,0,0,2
070606ChrisAM,Phleg,2:15:00,4,0,0,0,0,3
070606ChrisAM,Phleg,2:28:00,1,0,0,0,0,0
070609KathyAM,Phleg,1:36:00,2,0,0,1,0,2
070609KathyAM,Phleg,1:16:00,0,0,0,3,0,0
070609KathyAM,Phleg,1:49:00,1,0,0,3,0,1
070609KathyAM,Phleg,1:16:00,2,0,0,0,0,1
070609KathyAM,Phleg,2:37:00,2,0,1,0,0,2
070611KathyAM,Phleg,2:00:00,0,0,0,0,0,0
070611KathyAM,Phleg,1:05:00,1,0,0,0,0,1
070611KathyAM,Phleg,4:14:00,1,1,0,0,0,1
070611KathyAM,Phleg,1:25:00,1,0,0,0,1,0
070611KathyAM,Phleg,2:07:00,0,0,0,1,0,0
070611KathyAM,Phleg,2:41:00,0,0,0,0,0,0
070611KathyAM,Phleg,1:16:00,1,0,0,0,0,1
070611ChrisAM,Phleg,1:50:00,2,0,0,0,0,0
070609KathyAM,Phleg,1:07:00,1,0,0,2,0,1
070609KathyAM,Phleg,2:26:00,4,0,0,0,0,4
070611KathyAM,Phleg,1:44:00,0,0,0,0,0,0
070611KathyAM,Phleg,2:45:00,0,0,0,0,0,0
070611KathyAM,Phleg,1:11:00,0,0,0,0,0,0
070611KathyAM,Phleg,1:14:00,0,0,0,0,0,0
070611KathyAM,Phleg,4:11:00,1,0,0,0,0,1
070611KathyAM,Phleg,2:49:00,2,0,0,0,0,2
070611KathyAM,Phleg,1:19:00,2,0,0,0,0,2
070611KathyAM,Phleg,2:43:00,0,0,0,0,0,0
070611KathyAM,Phleg,2:35:00,0,0,0,0,0,0
070611KathyAM,Phleg,2:35:00,1,0,0,0,0,0
070612ChrisAM,D. mer,1:28:00,3,0,0,0,0,2
070612ChrisAM,D. mer,1:24:00,3,0,0,0,0,3
070612ChrisAM,D. mer,2:00:00,0,0,0,0,0,0
070612ChrisAM,D. mer,1:57:00,0,0,0,0,0,0
070612ChrisAM,D. mer,2:08:00,0,0,0,0,0,0
070612ChrisAM,D. mer,0:52:00,1,0,0,0,0,0
070612KathyAM,D. mer,4:02:00,3,0,0,0,0,1
070613SharonPM,D. mer,4:05:00,2,0,0,0,0,0
070609ElianaAM,Rheg,2:10:00,2,0,0,0,0,1
070609ElianaAM,Rheg,2:26:00,3,0,0,0,0,1
070609ElianaAM,Rheg,3:40:00,3,0,1,0,0,2
070609ElianaAM,Rheg,1:36:00,1,0,0,0,1,1
070609ElianaAM,Rheg,2:14:00,3,0,0,0,1,2
070612ChrisAM,Rheg,1:31:00,0,0,0,0,0,0
070612ChrisAM,Rheg,2:00:00,3,0,0,0,0,1
070612ChrisAM,Rheg,0:51:00,1,0,0,0,0,0
070613SharonPM,Rheg,1:32:00,1,0,0,0,0,1
070613SharonPM,Rheg,1:42:00,1,0,0,0,0,1
070613SharonPM,Rheg,2:20:00,0,0,0,0,0,0
070613SharonPM,Rheg,0:51:00,1,0,0,0,0,0
070613SharonAM,Rheg,0:39:00,1,0,0,0,0,0
070612ChrisAM,G. sal,2:08:00,0,1,0,0,0,0
070612KathyAM,G. sal,1:59:00,3,0,0,0,0,1
070614RaniAM,M. fort,0:00:01,0,1,0,1,0,0
070614RaniAM,M. fort,0:00:04,2,0,0,0,0,1
070614RaniAM,M. fort,0:00:03,2,0,0,0,0,1
070614RaniAM,M. fort,0:00:02,1,0,0,0,0,1
070614RaniAM,M. fort,0:00:02,2,0,0,1,0,2
070614RaniAM,M. fort,0:00:00,1,0,0,0,0,1
070615RaniAM,M. fort,0:00:01,1,0,0,0,0,1
070615RaniAM,M. fort,0:00:00,1,0,0,0,0,0
070614RaniAM,Rheg,0:00:02,1,0,0,1,0,1
070614RaniAM,Rheg,0:00:03,5,1,0,2,0,4
070614RaniAM,Rheg,0:00:01,1,0,0,0,0,1
070614RaniAM,Rheg,0:00:01,3,0,0,0,0,1
070614RaniAM,Rheg,0:00:01,0,0,0,0,0,0
070614RaniAM,Rheg,0:00:01,0,0,1,0,1,0
070614RaniAM,Rheg,0:00:01,1,0,0,0,0,1
070614RaniAM,Rheg,0:00:01,2,0,1,0,0,2
070614RaniAM,Rheg,0:00:01,0,0,0,0,0,0
070614RaniAM,Rheg,0:00:01,2,0,0,0,0,2
070614RaniAM,Rheg,0:00:02,5,0,0,0,0,4
070614RaniAM,Rheg,0:00:01,3,1,0,0,0,2
070614RaniAM,Rheg,0:00:01,1,0,0,0,0,0
070614RaniAM,Rheg,0:00:02,0,0,0,0,0,0
070615RaniAM,Rheg,0:00:01,4,0,0,0,0,2
070615RaniAM,Rheg,0:00:00,2,0,0,0,0,0
070615RaniAM,Rheg,0:00:02,2,0,0,0,0,1
070615RaniAM,Rheg,0:00:01,2,2,0,0,0,0
070615RaniAM,Rheg,0:00:01,2,2,0,0,0,1
070615RaniAM,Rheg,0:00:01,3,0,0,0,0,1
070615RaniAM,Rheg,0:00:01,0,0,0,0,0,0
070615RaniAM,Rheg,0:00:01,3,0,0,0,0,1
070615RaniAM,Rheg,0:00:03,5,0,0,0,0,1
070615RaniAM,Rheg,0:00:01,3,1,0,0,0,0
070615RaniAM,Rheg,0:00:01,3,0,0,0,0,1
070615RaniAM,Rheg,0:00:01,2,0,1,0,0,0
070615RaniAM,Rheg,0:00:01,3,0,0,0,0,0
070615RaniAM,Rheg,0:00:01,2,0,1,0,0,0
070615RaniAM,Rheg,0:00:01,1,1,0,0,0,1
070615RaniAM,Rheg,0:00:02,2,0,0,0,0,1
070614RaniAM,G. sal,0:00:01,2,1,0,0,0,1
070614RaniAM,G. sal,0:00:01,1,0,0,0,0,1
070614RaniAM,G. sal,0:00:03,6,0,0,0,0,2
070614RaniAM,G. sal,0:00:02,0,1,1,0,0,0
070614RaniAM,G. sal,0:00:03,1,0,0,0,0,1
070614RaniAM,G. sal,0:00:01,1,3,0,0,0,0
070614RaniAM,G. sal,0:00:04,2,0,0,0,0,2
070614RaniAM,G. sal,0:00:02,3,1,0,0,0,2
070614RaniAM,G. sal,0:00:01,1,0,0,0,0,1
070614RaniAM,G. sal,0:00:02,0,0,0,0,0,0
070614RaniAM,G. sal,0:00:01,0,0,0,0,0,0
070614RaniAM,G. sal,0:00:01,1,0,0,0,0,1
070615RaniAM,G. sal,0:00:01,2,0,0,0,0,0
070615RaniPM,M. fort,0:00:01,3,0,0,0,0,3
070615RaniPM,M. fort,0:00:02,3,0,0,0,0,0
070615RaniPM,M. fort,0:00:02,1,0,0,0,0,1
070616ChrisPM,M. fort,0:00:02,3,0,0,0,0,2
070616ChrisPM,M. fort,0:00:04,3,0,0,1,0,0
070618ChrisPM,M. fort,0:00:03,0,0,0,0,0,0
070619NellyAM,M. fort,0:00:02,3,0,0,1,0,1
070619NellyAM,M. fort,0:00:02,5,0,0,1,0,4
070619NellyAM,M. fort,0:00:01,2,0,0,0,0,1
070619NellyAM,M. fort,0:00:01,0,0,0,1,0,0
070619ChrisAM,M. fort,0:00:00,1,0,0,0,0,1
070619ChrisAM,M. fort,0:00:01,1,0,0,0,0,1
070619ChrisAM,M. fort,0:00:01,2,0,0,0,0,1
070619ChrisAM,M. fort,0:00:00,2,0,0,0,0,1
070619ChrisAM,M. fort,0:00:01,2,0,0,0,0,1
070615RaniPM,D. mer,0:00:01,0,0,0,0,0,0
070615RaniPM,D. mer,0:00:01,0,1,0,0,0,0
070615RaniPM,D. mer,0:00:03,0,0,0,0,0,0
070615RaniPM,D. mer,0:00:01,1,0,0,0,0,1
070615RaniPM,D. mer,0:00:01,0,0,0,0,0,0
070615RaniPM,D. mer,0:00:01,1,0,0,0,0,1
070615RaniPM,D. mer,0:00:01,0,0,0,0,0,0
070615RaniPM,D. mer,0:00:05,3,1,0,0,0,3
070615RaniPM,D. mer,0:00:01,0,0,0,0,0,0
070615RaniPM,D. mer,0:00:04,0,0,0,0,0,0
070615RaniPM,D. mer,0:00:03,0,0,0,0,0,0
070615RaniPM,D. mer,0:00:04,0,0,0,0,0,0
070616RaniAM,D. mer,0:00:02,0,0,0,0,0,0
070616RaniAM,D. mer,0:00:01,1,1,0,0,0,0
070616RaniAM,D. mer,0:00:01,1,0,0,0,0,0
070616RaniAM,D. mer,0:00:00,1,0,0,0,0,0
070616RaniAM,D. mer,0:00:02,0,0,0,0,0,0
070616ChrisAM,D. mer,0:00:01,0,0,1,0,0,0
070616ChrisAM,D. mer,0:00:01,1,0,0,0,0,1
070616ChrisAM,D. mer,0:00:01,2,0,0,0,0,1
070616ChrisAM,D. mer,0:00:01,0,0,0,0,0,0
070618KathyAM,D. mer,0:00:04,0,0,0,0,0,0
070619NellyAM,D. mer,0:00:02,1,0,0,0,0,1
070619NellyAM,D. mer,0:00:01,1,0,0,0,0,1
070619NellyAM,D. mer,0:00:01,1,0,0,0,0,1
070619Norma-JeanAM,D. mer,0:00:01,0,0,0,0,0,0
070619Norma-JeanAM,D. mer,0:00:01,0,0,0,0,0,0
070619Norma-JeanAM,D. mer,1:08:00,0,0,0,0,0,0
070620ChrisAM,M. fort,1:11:00,0,0,0,1,0,0
070620ChrisAM,M. fort,3:06:00,1,0,0,0,0,1
070620ChrisAM,M. fort,2:21:00,5,0,0,1,0,1
070620ChrisAM,M. fort,3:45:00,0,0,0,0,0,0
070620ChrisAM,M. fort,1:11:00,1,0,0,0,0,1
070619KathyAM,D. mer,1:10:00,1,0,0,0,0,1
070619KathyAM,D. mer,2:57:00,1,0,0,0,0,1
070619ChrisAM,D. mer,2:00:00,0,0,0,0,0,0
070619ChrisAM,D. mer,2:00:00,1,0,0,0,1,1
070619ChrisAM,D. mer,0:34:00,1,0,0,1,0,1
070619ChrisAM,D. mer,1:24:00,4,0,0,0,0,2
070619ChrisAM,D. mer,1:00:00,1,0,0,0,0,1
070619ChrisAM,D. mer,2:33:00,0,0,0,0,0,0
070619ChrisAM,D. mer,1:52:00,0,0,0,0,0,0
070620RaniAM,D. mer,1:00:00,0,0,0,0,1,0
070620RaniAM,D. mer,1:07:00,1,0,0,0,0,1
070621KathyAM,D. mer,2:42:00,1,0,0,0,0,1
070621KathyAM,D. mer,1:07:00,0,0,0,0,0,0
070615RaniPM,Rheg,1:13:00,5,0,0,0,0,4
070616ChrisPM,Rheg,1:13:00,1,2,0,0,0,1
070616ChrisPM,Rheg,4:50:00,0,0,0,0,0,0
070616ChrisPM,Rheg,3:45:00,2,1,0,0,0,1
070616ChrisPM,Rheg,2:33:00,3,1,0,0,0,2
070616ChrisAM,Rheg,1:00:00,3,0,0,0,0,2
070616ChrisAM,Rheg,1:00:00,0,0,0,0,0,0
070618ChrisPM,Rheg,3:33:00,1,0,0,0,0,1
070618ChrisPM,Rheg,2:20:00,0,0,0,0,0,0
070618ChrisPM,Rheg,1:37:00,3,1,0,0,0,1
070618ChrisPM,Rheg,1:43:00,1,0,0,0,0,1
070618ChrisPM,Rheg,1:47:00,0,0,0,1,0,0
070619NellyAM,Rheg,2:03:00,2,0,0,0,0,1
070619NellyAM,Rheg,3:26:00,2,0,0,0,0,2
070619NellyAM,Rheg,2:46:00,1,0,0,0,0,1
070619NellyAM,Rheg,3:31:00,4,0,0,0,0,4
070619NellyAM,Rheg,2:45:00,1,0,0,0,0,1
070619NellyAM,Rheg,2:42:00,3,0,0,0,0,2
070618ChrisAM,Rheg,1:38:00,5,0,0,0,0,3
070619ChrisAM,Rheg,1:50:00,0,0,0,0,0,0
070619ChrisAM,Rheg,1:51:00,3,0,0,0,0,3
070619ChrisAM,Rheg,0:35:00,1,0,0,0,0,1
070619ChrisAM,Rheg,2:02:00,0,0,0,0,0,0
070619ChrisAM,Rheg,2:30:00,1,0,0,0,0,0
070619ChrisAM,Rheg,1:11:00,1,0,0,0,0,1
070619ChrisAM,Rheg,0:53:00,2,0,0,0,0,1
070619ChrisAM,Rheg,0:53:00,1,0,0,0,0,1
070619ChrisAM,Rheg,1:15:00,1,0,0,0,0,1
070620ChrisAM,Rheg,2:35:00,1,0,0,0,0,1
070620ChrisAM,Rheg,2:10:00,4,0,0,0,1,3
070620ChrisAM,Rheg,3:33:00,1,0,0,0,0,1
070620ChrisAM,Rheg,4:02:00,1,0,0,0,0,1
070616RaniAM,G. sal,1:11:00,0,0,0,0,0,0
070616RaniAM,G. sal,1:05:00,1,0,0,0,0,0
070616RaniAM,G. sal,2:25:00,7,0,0,0,0,2
070616RaniAM,G. sal,1:23:00,2,0,0,0,0,0
070616RaniAM,G. sal,1:29:00,2,0,0,0,0,2
070616RaniAM,G. sal,2:40:00,0,0,0,0,0,0
070616RaniAM,G. sal,1:48:00,0,0,0,0,0,0
070616RaniAM,G. sal,2:17:00,4,0,0,0,0,2
070616RaniAM,G. sal,0:44:00,1,0,0,0,0,1
070616RaniAM,G. sal,1:12:00,1,0,0,0,0,0
070616RaniAM,G. sal,0:56:00,2,0,0,0,0,1
070616RaniAM,G. sal,0:53:00,1,0,0,0,0,0
070616ChrisAM,G. sal,1:05:00,2,0,0,0,0,0
070616ChrisAM,G. sal,1:00:00,0,1,0,0,0,0
070619NellyAM,G. sal,1:19:00,2,1,0,0,0,1
070619NellyAM,Rheg,1:14:00,4,0,0,0,0,4
070619NellyAM,G. sal,2:15:00,3,0,0,0,0,2
070619Norma-JeanAM,G. sal,1:07:00,1,0,0,0,0,1
070618ChrisAM,G. sal,1:35:00,0,0,0,0,0,0
070818ChrisAM,G. sal,1:15:00,1,0,0,0,0,1
070619ChrisAM,G. sal,2:41:00,2,0,0,0,0,0
070619ChrisAM,G. sal,1:00:00,0,0,0,0,0,0
070622ChrisAM,M. fort,2:14:00,0,0,0,0,0,0
070622ChrisPM,M. fort,1:03:00,0,0,0,0,0,0
070622ChrisPM,M. fort,1:27:00,3,0,0,0,0,2
070622ChrisPM,M. fort,1:43:00,2,0,0,0,0,1
070622ChrisPM,M. fort,1:19:00,1,0,0,1,0,1
070622ChrisPM,M. fort,4:30:00,0,0,0,0,0,0
070622ChrisPM,M. fort,3:54:00,5,0,0,0,0,2
070622ChrisPM,M. fort,1:00:00,1,0,0,0,0,1
070619Norma-JeanAM,D. mer,1:51:00,1,0,0,0,0,1
070619Norma-JeanAM,D. mer,1:36:00,2,0,0,0,0,1
070619Norma-JeanAM,D. mer,1:03:00,0,0,0,0,1,0
070619Norma-JeanAM,D. mer,1:07:00,0,0,0,0,0,0
070622RaniAM,D. mer,0:46:00,0,0,1,0,0,0
070622RaniAM,D. mer,1:43:00,0,0,0,0,1,0
070622RaniAM,D. mer,0:40:00,0,0,1,0,0,0
070622RaniAM,D. mer,1:15:00,1,0,0,0,1,1
070622RaniAM,D. mer,0:54:00,2,0,0,0,0,1
070622RaniAM,D. mer,1:28:00,0,0,0,0,2,0
070622RaniAM,D. mer,1:30:00,2,0,0,0,0,0
070622RaniAM,D. mer,0:43:00,0,0,2,0,0,0
070622RaniAM,D. mer,1:20:00,0,0,0,0,0,0
070622ChrisPM,D. mer,1:01:00,0,0,0,0,0,0
070622ChrisPM,D. mer,1:29:00,1,0,0,0,0,1
070616ChrisAM,Rheg,2:09:00,1,0,0,0,0,1
070622RaniAM,Rheg,1:00:00,1,0,0,0,0,1
070622RaniAM,Rheg,2:57:00,4,0,0,0,0,2
070622RaniAM,Rheg,3:01:00,0,0,0,0,0,0
070622RaniAM,Rheg,0:57:00,0,0,0,0,0,0
070622ChrisPM,Rheg,1:39:00,2,0,0,0,0,1
070622ChrisPM,Rheg,1:18:00,5,0,0,0,1,1
070622ChrisPM,Rheg,1:10:00,2,0,0,0,0,2
070622ChrisPM,Rheg,2:52:00,1,0,0,0,0,1
070622ChrisPM,Rheg,1:29:00,1,0,0,0,0,1
070622ChrisPM,Rheg,1:17:00,1,0,0,0,0,0
070622ChrisPM,Rheg,1:11:00,1,0,0,0,1,1
070622ChrisPM,Rheg,1:19:00,1,0,0,0,0,1
070622ChrisPM,Rheg,1:25:00,0,0,0,0,0,0
070622ChrisPM,Rheg,2:12:00,1,0,0,0,0,1
070622ChrisPM,Rheg,2:08:00,5,0,0,0,0,4
070622ChrisPM,Rheg,3:09:00,5,0,0,0,0,3
070622ChrisPM,Rheg,1:46:00,1,0,0,0,0,1
070622ChrisPM,Rheg,1:59:00,1,1,0,0,0,1
070622RaniAM,G. sal,0:54:00,1,1,0,0,0,1
070622RaniAM,G. sal,2:14:00,0,0,0,0,0,0
070622RaniAM,G. sal,0:43:00,1,0,0,0,0,1
070622ChrisPM,G. sal,1:03:00,1,0,0,0,0,1
070622ChrisPM,G. sal,1:56:00,1,0,0,0,0,1
070622ChrisPM,G. sal,1:54:00,0,0,0,0,0,0
070622ChrisPM,G. sal,1:01:00,0,0,0,0,0,0
070622ChrisPM,G. sal,1:14:00,0,1,0,0,0,0
070622ChrisPM,G. sal,1:45:00,1,0,0,0,0,1
070614RaniAM,Phleg,1:34:00,0,0,0,0,0,0
070614RaniAM,Phleg,1:05:00,2,0,0,0,0,2
070614RaniAM,Phleg,2:59:00,2,0,2,1,0,2
070614RaniAM,Phleg,1:53:00,0,0,0,0,0,0
070614RaniAM,Phleg,1:00:00,0,0,0,0,0,0
070614RaniAM,Phleg,0:48:00,0,0,0,1,0,0
070615RaniAM,Phleg,0:51:00,2,0,0,0,0,1
070614RaniAM,Phleg,1:08:00,0,0,0,0,0,0
070615RaniAM,Phleg,0:46:00,1,0,0,0,0,0
070615RaniAM,Phleg,1:15:00,4,0,0,0,0,2
070615RaniAM,Phleg,2:34:00,7,0,0,2,0,1
070615RaniAM,Phleg,2:26:00,3,0,0,2,0,1
070615RaniAM,Phleg,1:11:00,3,0,0,0,0,1
070615RaniAM,Phleg,0:36:00,2,0,0,0,0,1
070615RaniAM,Phleg,1:05:00,0,0,0,1,0,0
070615RaniAM,Phleg,1:08:00,3,0,0,0,0,0
070615RaniAM,Phleg,2:41:00,2,0,0,1,0,1
070616RaniAM,Phleg,1:29:00,0,0,0,0,0,0
070616RaniAM,Phleg,1:04:00,2,0,0,0,0,2
070616RaniAM,Phleg,1:39:00,6,0,0,0,0,2
070616RaniAM,Phleg,1:01:00,0,0,0,0,0,0
070616RaniAM,Phleg,1:58:00,2,0,0,0,0,1
070616RaniAM,Phleg,0:48:00,2,0,0,0,0,1
070616RaniAM,Phleg,0:54:00,1,0,0,0,0,1
070616RaniAM,Phleg,1:23:00,3,0,0,0,0,2
070616RaniAM,Phleg,0:52:00,2,0,0,0,1,2
070616RaniAM,Phleg,2:31:00,6,0,1,0,0,3
070619Norma-JeanAM,Phleg,1:09:00,0,0,0,0,0,0
070620ChrisAM,Phleg,1:25:00,3,0,0,0,0,1
070620ChrisAM,Phleg,2:29:00,1,0,0,0,0,1
070620ChrisAM,Phleg,1:28:00,1,0,0,0,0,0
070620ChrisAM,Phleg,1:43:00,2,0,0,0,0,2
070621KathyAM,Phleg,1:12:00,0,0,0,0,0,0
070621RaniAM,Phleg,1:47:00,1,0,0,0,0,1
070622ChrisPM,Phleg,1:33:00,2,1,0,0,0,0
070622ChrisPM,Phleg,1:25:00,0,0,0,0,0,0
070622ChrisPM,Phleg,1:27:00,0,1,0,0,0,0
070622ChrisPM,Phleg,1:08:00,0,0,0,0,0,0
070622ChrisPM,Phleg,1:13:00,0,0,0,0,0,0
070622ChrisPM,Phleg,1:02:00,1,0,0,0,0,1
070622ChrisPM,Phleg,1:37:00,1,0,0,0,0,1
070622ChrisPM,Phleg,4:45:00,0,0,0,0,0,0
080701Celina,Phleg,2:04:00,5,0,0,0,0,1
080701Celina,Phleg,2:13:00,3,0,0,0,0,2
080704Celina,Phleg,1:07:00,0,0,0,0,0,0
080704Celina,Phleg,2:40:00,1,0,0,0,0,0
080704Celina,Phleg,1:13:00,2,0,1,0,0,2
080704Celina,Phleg,1:02:00,3,0,0,0,0,1
080704Celina,Phleg,4:44:00,5,0,0,0,0,5
080704Celina,Phleg,1:14:00,4,0,0,0,0,4
080702Celina,Phleg,1:47:00,0,0,0,1,0,0
080704Negra,Phleg,2:29:00,4,0,0,0,0,3
080704Negra,Phleg,1:01:00,1,0,0,0,0,1
080705Celina,Phleg,2:05:00,0,0,0,1,0,0
080705Celina,Phleg,1:45:00,2,0,0,0,0,2
080705Celina,Phleg,1:06:00,1,0,0,0,0,1
080705Celina,Phleg,4:59:00,6,0,0,0,0,5
080705Celina,Phleg,1:17:00,3,0,0,0,1,2
080705Celina,Phleg,1:36:00,0,0,0,1,0,0
080705Celina,Phleg,3:26:00,1,0,0,0,0,1
080705Celina,Phleg,4:13:00,6,0,0,0,0,5
080705Celina,Phleg,1:01:00,5,0,0,2,0,2
080705Celina,Phleg,1:50:00,0,0,0,0,0,0
080705Celina,Phleg,2:02:00,0,0,0,0,0,0
080705Celina,Phleg,2:00:00,1,0,0,1,0,1
080705Celina,Phleg,1:33:00,3,0,0,1,0,1
080705Celina,Phleg,4:22:00,1,0,0,0,0,1
080705Celina,Phleg,1:08:00,1,0,0,0,0,1
080705Celina,Phleg,1:07:00,2,0,0,0,0,2
080705Celina,Phleg,1:15:00,1,0,0,0,0,1
080625Celina,Phleg,1:46:00,1,0,0,0,0,1
080625Celina,Phleg,0:49:00,0,0,0,0,0,0
080626Celina,Phleg,2:00:00,3,0,0,0,0,1
080626Celina,Phleg,1:58:00,0,0,0,1,0,0
080626Celina,Phleg,1:55:00,3,0,0,0,0,1
080626Celina,Phleg,2:53:00,3,0,0,0,0,3
080626Celina,Phleg,1:05:00,0,0,0,0,0,0
080626Celina,Phleg,1:50:00,2,0,0,0,0,0
080626Celina,Phleg,5:55:00,7,0,0,0,0,5
080626Celina,Phleg,2:02:00,1,0,0,0,0,0
080626Celina,Phleg,0:26:00,1,1,0,0,0,1
080626Celina,Phleg,4:33:00,0,0,0,0,2,0
080626Celina,Phleg,2:00:00,2,0,0,0,1,0
080626Celina,Phleg,4:50:00,6,0,2,0,0,4
080701Celina,Phleg,3:00:00,1,0,0,0,0,1
080701Celina,Phleg,1:10:00,2,0,0,0,0,1
080701Celina,Phleg,0:50:00,0,0,1,0,0,0
080701Celina,Phleg,2:30:00,2,0,0,0,0,1
080702Celina,Phleg,1:55:00,5,0,0,1,0,4
080625Celina,Phleg,5:06:00,2,0,0,0,0,1
080701Celina,Phleg,1:04:00,1,0,0,0,0,1
080701Celina,Phleg,1:59:00,1,0,0,0,0,0
080701Celina,Phleg,3:09:00,6,0,0,0,0,3
080701Celina,Phleg,2:05:00,0,0,0,0,1,0
080701Celina,Phleg,3:45:00,3,0,0,0,0,2
080701Celina,Phleg,1:29:00,2,0,0,0,0,2
080701Celina,Phleg,1:15:00,4,0,0,0,1,2
080701Celina,Phleg,3:33:00,6,0,0,0,0,5
080705Celina,Phleg,3:25:00,8,0,0,0,0,2
080705Celina,Phleg,3:13:00,6,0,0,0,0,3
080705Celina,Phleg,2:01:00,3,0,0,0,0,2
080705Celina,Phleg,1:41:00,3,0,0,0,0,2
080705Celina,Phleg,1:46:00,2,0,0,0,0,1
080705Celina,Phleg,3:16:00,3,0,0,0,0,2
080705Celina,Phleg,2:04:00,3,0,0,0,0,3
080705Celina,Phleg,1:56:00,3,0,0,0,0,2
080705Celina,Phleg,1:08:00,1,0,1,0,0,0
080705Celina,Phleg,1:30:00,1,0,0,0,1,1
080705Celina,Phleg,2:37:00,2,0,0,0,0,1
080705Celina,Phleg,1:04:00,5,0,0,0,0,0
080705Celina,Phleg,1:44:00,1,0,2,0,0,0
080705Celina,Phleg,1:02:00,2,0,0,0,0,0
080705Celina,Phleg,2:37:00,5,0,0,0,0,2
080705Celina,Phleg,1:02:00,1,1,0,0,0,1
080705Celina,Phleg,1:03:00,1,0,0,0,0,0
080704Negra,Phleg,3:00:00,2,0,0,0,0,1
080704Negra,Phleg,4:00:00,2,0,0,0,0,1
080708Celina,Phleg,2:13:00,1,0,0,0,0,1
080708Celina,Phleg,1:22:00,2,0,0,0,0,0
080708Celina,Phleg,2:32:00,1,1,0,0,0,0
080708Celina,Phleg,1:05:00,2,0,0,0,0,0
080708Celina,Phleg,1:03:00,1,0,0,0,0,1
080708Celina,Phleg,1:00:00,4,0,0,0,0,0
080708Celina,Phleg,1:47:00,2,0,0,0,1,2
080708Celina,Phleg,1:01:00,1,0,1,0,0,1
080708Celina,Phleg,1:43:00,1,0,0,0,0,0
080708Celina,Phleg,1:06:00,1,0,0,0,1,0
080708Celina,Phleg,1:58:00,3,0,0,0,0,2
080708Celina,Phleg,2:49:00,3,1,0,0,0,2
080708Celina,Phleg,1:53:00,5,0,0,0,0,1
080705Celina,D. mer,4:31:00,2,0,0,0,0,1
080705Celina,D. mer,3:47:00,1,0,0,0,0,1
080705Celina,D. mer,1:43:00,1,0,2,0,0,0
080705Celina,D. mer,1:03:00,1,0,1,0,0,0
080705Celina,D. mer,2:44:00,3,0,0,0,0,0
080705Celina,D. mer,2:25:00,2,0,0,0,0,0
080705Celina,D. mer,1:13:00,1,0,0,0,0,0
080705Celina,D. mer,3:22:00,3,0,0,0,0,0
080705Celina,D. mer,2:43:00,1,1,0,0,0,1
080705Celina,D. mer,1:33:00,1,0,0,0,0,0
080626Celina,D. mer,1:00:00,1,0,0,1,0,1
080628Sophie,D. mer,1:08:00,0,0,0,0,0,0
080628Sophie,D. mer,0:59:00,1,0,0,0,0,1
080628Sophie,D. mer,2:00:00,0,0,0,0,1,0
080628Sophie,D. mer,1:00:00,0,0,0,0,1,0
080628Sophie,D. mer,2:00:00,1,0,1,0,1,1
080628Sophie,D. mer,1:00:00,0,1,0,0,0,0
080630Sophie,D. mer,2:00:00,3,1,0,0,0,2
080702Celina,D. mer,4:17:00,2,0,0,1,0,2
080702Celina,D. mer,2:34:00,2,0,0,0,0,1
080702Celina,D. mer,1:21:00,1,0,0,0,0,1
080702Celina,D. mer,1:54:00,2,1,0,0,0,2
080702Aero,D. mer,2:59:00,2,0,0,1,0,2
080702Aero,D. mer,2:33:00,2,0,0,0,0,2
080702Aero,D. mer,1:47:00,1,0,1,0,0,0
080702Aero,D. mer,4:07:00,0,0,0,0,2,0
080702Aero,D. mer,1:47:00,1,0,0,0,1,0
080702Aero,D. mer,1:01:00,0,0,1,0,0,0
080702Aero,D. mer,1:52:00,0,0,0,0,1,0
080702Aero,D. mer,1:55:00,0,0,1,0,0,0
080702Aero,D. mer,2:42:00,3,0,0,0,0,0
080702Aero,D. mer,3:17:00,2,0,1,0,0,2
080702Aero,D. mer,1:52:00,2,0,0,0,0,0
080701Celina,D. mer,1:29:00,1,1,0,0,0,1
080701Celina,D. mer,1:29:00,1,0,0,0,0,1
080701Celina,D. mer,2:21:00,1,0,0,0,0,0
080702Aero,D. mer,1:40:00,2,0,0,0,0,1
080702Aero,D. mer,2:21:00,1,0,0,0,0,1
080702Aero,D. mer,3:32:00,3,0,0,0,0,2
080702Aero,D. mer,3:14:00,1,0,1,0,1,1
080702Aero,D. mer,4:03:00,3,0,1,0,0,1
080702Aero,D. mer,2:30:00,1,0,0,0,0,1
080702Aero,D. mer,2:17:00,4,0,0,0,0,2
080702Aero,D. mer,2:16:00,2,0,0,0,0,2
080704Sophie,D. mer,4:40:00,3,0,0,0,0,2
080704Sophie,D. mer,1:25:00,3,0,0,0,0,2
080705Celina,D. mer,2:00:00,1,0,0,0,0,1
080705Celina,D. mer,2:24:00,0,1,0,0,0,0
080705Celina,D. mer,2:23:00,2,0,0,0,1,2
080705Celina,D. mer,1:35:00,0,2,0,0,0,0
080705Celina,D. mer,1:16:00,1,0,0,0,0,1
080705Celina,D. mer,1:08:00,1,0,0,0,0,1
080705Celina,D. mer,1:33:00,1,0,0,0,0,0
080705Aero,D. mer,2:40:00,0,0,1,0,0,0
080709Celina,Phleg,1:28:00,1,0,0,1,0,1
080709Celina,Phleg,1:23:00,1,0,0,0,0,0
080709Celina,Phleg,1:23:00,1,0,0,0,0,1
080628Sophie,Rheg,0:22:00,1,0,0,0,0,1
080628Sophie,Rheg,0:44:00,1,0,0,0,0,1
080628Sophie,Rheg,1:08:00,2,0,0,0,0,1
080626Aero,Rheg,4:10:00,3,0,0,0,0,2
080628Sophie,Rheg,2:00:00,1,0,0,0,0,0
080628Sophie,Rheg,1:30:00,3,0,0,0,0,1
080628Sophie,Rheg,5:00:00,3,0,0,0,0,3
080628Sophie,Rheg,1:00:00,0,0,1,0,1,0
080628Sophie,Rheg,1:30:00,1,0,0,0,0,1
080628Sophie,Rheg,3:30:00,4,0,0,0,0,4
080630Sophie,Rheg,3:17:00,1,0,0,0,0,0
080701Sophie,Rheg,1:45:00,1,0,0,0,0,1
080701Sophie,Rheg,1:26:00,2,0,1,0,0,2
080701Sophie,Rheg,2:30:00,0,0,0,0,0,0
080703Aero,Rheg,0:58:00,2,0,0,0,0,2
080703Aero,Rheg,2:15:00,3,0,0,0,0,1
080703Aero,Rheg,1:11:00,1,0,0,0,0,1
080703Aero,Rheg,1:57:00,0,0,0,0,0,0
080703Aero,Rheg,1:32:00,1,0,0,0,1,1
080703Aero,Rheg,1:39:00,0,0,1,0,0,0
080703Aero,Rheg,1:01:00,3,0,0,0,0,1
080703Aero,Rheg,1:40:00,1,0,0,0,0,1
080703Aero,Rheg,4:17:00,2,0,0,0,0,2
080705Aero,Rheg,3:04:00,4,0,0,0,0,2
080705Aero,Rheg,1:55:00,3,0,0,0,0,2
080625Labbie,Rheg,3:08:00,6,0,0,0,0,5
080625Labbie,Rheg,2:24:00,3,0,1,0,0,2
080625Labbie,Rheg,3:45:00,6,0,0,0,0,4
080626Aero,Rheg,1:12:00,2,0,0,0,0,2
080626Aero,Rheg,2:49:00,4,0,0,0,0,3
080626Aero,Rheg,7:33:00,2,0,0,0,0,1
080626Aero,Rheg,1:14:00,2,0,0,0,0,2
080626Aero,Rheg,1:17:00,1,0,0,0,0,1
080626Aero,Rheg,1:54:00,4,0,0,0,0,2
080702Aero,Rheg,1:58:00,3,0,0,0,0,2
080702Aero,Rheg,1:52:00,3,0,0,0,0,2
080705Aero,Rheg,4:15:00,4,0,0,0,0,1
080705Aero,Rheg,3:30:00,4,1,0,0,0,2
080705Aero,Rheg,2:00:00,4,0,0,0,0,1
080705Aero,Rheg,1:45:00,5,0,0,0,0,0
080705Aero,Rheg,5:00:00,2,0,0,0,0,1
080705Aero,Rheg,2:10:00,5,0,0,0,0,3
080705Aero,Rheg,3:11:00,2,0,0,0,0,1
080709Celina,Rheg,1:03:00,1,1,0,0,0,0
080709Celina,Rheg,1:20:00,1,0,0,0,0,1
080709Celina,Rheg,1:14:00,0,0,0,0,0,0
080709Celina,Rheg,1:41:00,1,1,0,0,0,1
080702Celina,G. sal,1:30:00,2,0,0,0,0,2
080702Celina,G. sal,1:44:00,5,1,0,0,0,3
080703Aero,G. sal,3:34:00,5,0,0,0,0,3
080703Aero,G. sal,0:56:00,2,0,0,0,0,1
080703Aero,G. sal,2:27:00,2,0,0,0,0,2
080703Aero,G. sal,1:13:00,1,0,0,0,0,1
080703Aero,G. sal,1:21:00,1,0,0,0,0,1
080703Aero,G. sal,2:20:00,4,0,0,0,0,3
080703Aero,G. sal,1:33:00,1,1,0,0,0,0
080703Aero,G. sal,1:03:00,1,0,0,0,0,1
080703Aero,G. sal,0:57:00,1,1,0,0,0,1
080710Celina,Phleg,2:02:00,1,0,0,0,0,1
080710Celina,Phleg,1:38:00,3,0,0,0,0,1
080710Celina,Phleg,1:05:00,2,1,0,0,0,0
080710Celina,Phleg,1:29:00,7,0,0,0,0,1
080710Celina,Phleg,1:42:00,6,0,0,0,0,4
080710Celina,Phleg,1:12:00,3,0,0,0,0,2
080710Celina,Phleg,1:02:00,2,0,0,0,0,0
080710Celina,Phleg,1:32:00,7,0,1,0,0,1
080710Celina,Phleg,1:00:00,5,0,0,0,0,0
080710Celina,Phleg,1:37:00,4,0,0,0,0,0
080710Celina,Phleg,1:35:00,3,0,0,0,0,2
080710Celina,Phleg,1:07:00,3,0,1,0,0,2
080710Celina,Phleg,1:01:00,2,0,0,0,0,1
080710Celina,Phleg,1:33:00,2,0,1,0,0,0
080710Celina,Phleg,1:12:00,1,0,0,0,1,1
080710Celina,Phleg,1:04:00,2,1,0,0,0,1
080710Celina,Phleg,1:00:00,4,1,0,0,0,0
080710Celina,Phleg,1:22:00,2,0,0,0,0,0
080710Celina,Phleg,1:18:00,2,0,0,0,0,2
080710Celina,Phleg,2:02:00,3,0,0,0,0,2
080710Celina,Phleg,2:04:00,3,0,0,0,0,2
080710Celina,Phleg,1:01:00,1,0,0,0,0,1
080710Celina,Phleg,1:08:00,1,0,0,0,0,1
080710Celina,Phleg,2:16:00,4,0,0,0,0,3
080710Celina,Phleg,1:02:00,3,0,1,0,0,1
080710Celina,Phleg,1:28:00,2,0,0,0,0,2
080710Celina,Phleg,1:50:00,1,0,0,0,0,0
080710Celina,Phleg,1:35:00,0,0,0,0,0,0
080710Celina,Phleg,1:20:00,5,0,0,0,1,2
080710Celina,Phleg,1:35:00,5,0,0,0,0,3
080710Celina,Phleg,1:57:00,8,0,0,0,0,3
080710Celina,Phleg,1:02:00,0,0,0,0,0,0
080710Celina,Phleg,2:04:00,3,0,0,0,0,2
080710Celina,Phleg,1:07:00,1,0,1,0,0,1
080711Celina,Phleg,2:27:00,4,0,0,0,0,2
080712Celina,Phleg,1:32:00,1,0,1,0,0,0
080712Celina,Phleg,1:36:00,2,0,0,0,0,1
080712Celina,Phleg,3:46:00,3,0,0,0,0,2
080712Celina,Phleg,2:46:00,0,0,0,0,0,0
080712Celina,Phleg,2:45:00,1,0,0,0,0,1
080712Celina,Phleg,1:52:00,3,0,0,0,0,2
080712Celina,Phleg,1:56:00,2,0,0,0,0,1
080712Celina,Phleg,1:50:00,4,0,0,0,0,2
080712Celina,Phleg,2:21:00,5,0,1,0,0,2
080712Celina,Phleg,5:11:00,2,0,0,0,3,2
080712Celina,Phleg,3:07:00,1,0,0,0,0,1
080712Celina,Phleg,1:39:00,5,0,0,0,0,4
080712Celina,Phleg,2:56:00,3,0,0,0,0,2
080712Celina,Phleg,2:39:00,1,0,0,0,1,1
080710Celina,D. mer,2:18:00,1,0,0,0,0,0
080710Celina,D. mer,2:17:00,0,0,0,0,0,0
080710Celina,D. mer,1:12:00,0,0,0,0,0,0
080710Celina,D. mer,1:36:00,1,0,0,0,0,1
080712Celina,D. mer,2:05:00,2,0,0,0,0,0
080712Celina,D. mer,2:41:00,1,0,0,0,0,1
080712Celina,Rheg,1:02:00,1,0,0,0,0,1
080710Celina,Rheg,1:24:00,4,1,0,0,0,2
080710Celina,Rheg,1:10:00,3,0,0,0,0,3
080710Celina,Rheg,1:15:00,1,0,0,0,0,1
080704Celina,G. sal,1:04:00,2,0,0,0,0,1
080705Aero,G. sal,1:59:00,0,0,0,0,0,0
080703Aero,G. sal,2:38:00,2,1,0,0,0,1
080705Celina,G. sal,2:13:00,0,1,0,0,0,0
080702Celina,G. sal,3:05:00,0,1,0,0,0,0
080705Aero,G. sal,1:30:00,3,0,0,0,0,3
080705Aero,G. sal,4:30:00,7,0,0,0,0,4
080705Aero,G. sal,3:45:00,1,0,0,0,0,0
080705Aero,G. sal,1:00:00,1,0,0,0,1,1
080705Celina,G. sal,2:15:00,1,1,0,0,0,1
080705Celina,G. sal,1:07:00,2,0,0,0,0,0
080710Celina,G. sal,1:15:00,2,0,0,0,0,1
080712Celina,M. fort,5:14:00,1,0,0,0,0,1
080709Celina,D. mer,3:00:00,1,0,0,0,0,1
080716Celina,Phleg,3:41:00,3,0,0,0,0,1
080716Celina,Phleg,1:32:00,1,0,0,0,0,0
080716Celina,Phleg,1:37:00,2,0,0,0,0,2
080716Celina,Phleg,2:32:00,0,0,0,0,0,0
080716Celina,Phleg,1:02:00,1,0,0,0,0,0
080716Celina,Phleg,1:30:00,4,0,0,0,0,0
080716Celina,Phleg,1:00:00,0,0,0,0,1,0
080716Celina,Phleg,1:25:00,2,0,0,0,0,0
080716Celina,Phleg,1:12:00,2,0,0,0,0,1
080716Celina,Phleg,1:37:00,4,0,0,0,0,2
080716Celina,Phleg,1:46:00,3,0,0,0,0,0
080716Celina,Phleg,1:09:00,2,1,0,0,0,0
080716Celina,Phleg,2:58:00,7,0,0,0,0,0
080716Celina,Phleg,1:13:00,1,0,0,0,0,0
080716Celina,Phleg,1:12:00,1,0,0,0,0,0
080716Celina,Phleg,1:02:00,4,0,0,0,0,1
080716Celina,Phleg,1:33:00,4,0,1,0,1,2
080716Celina,Phleg,1:36:00,2,0,0,0,0,0
080716Celina,Phleg,1:13:00,1,0,0,0,0,1
080716Celina,Phleg,2:29:00,0,0,0,0,0,0
080709Celina,Phleg,2:00:00,1,0,0,0,0,1
080709Celina,Phleg,1:00:00,1,0,0,0,0,1
080711Celina,Phleg,3:40:00,1,0,1,0,0,1
080711Celina,Phleg,1:00:00,1,0,0,0,0,1
080711Celina,Phleg,3:00:00,3,0,0,2,0,3
080711Celina,Phleg,2:40:00,4,0,0,0,0,2
080711Celina,Phleg,1:00:00,1,0,0,0,0,1
080711Celina,Phleg,1:00:00,3,0,0,0,0,3
080709Celina,Rheg,2:20:00,1,0,0,0,0,1
080709Celina,Rheg,4:00:00,1,0,0,0,0,1
080711Celina,Rheg,1:30:00,3,1,0,0,0,2
080711Celina,Rheg,2:50:00,0,0,0,0,0,0
080711Celina,Rheg,1:00:00,2,0,0,0,0,2
080711Celina,Rheg,5:20:00,2,0,0,0,0,2
080716Celina,M. fort,1:46:00,4,0,0,0,0,0
080716Celina,M. fort,1:21:00,1,0,0,0,0,0
080716Celina,M. fort,1:10:00,2,0,0,0,0,0
080709Celina,M. fort,1:00:00,0,1,0,0,0,0
080711Celina,M. fort,1:00:00,1,0,0,0,0,1
080711Celina,M. fort,1:15:00,1,0,0,0,0,1
080711Celina,M. fort,3:50:00,0,0,0,0,0,0
080711Celina,M. fort,1:30:00,1,0,0,0,0,1
080711Celina,M. fort,1:00:00,1,0,0,0,0,1
080711Celina,M. fort,2:18:00,1,0,0,0,0,1
080715Celina,M. fort,1:03:00,2,0,0,0,0,1
080715Celina,M. fort,1:29:00,1,0,0,0,0,1
080704Celina,M. fort,1:26:00,1,0,0,0,0,0
080704Celina,M. fort,1:05:00,0,0,0,0,0,0
080704Celina,M. fort,1:03:00,2,0,0,0,0,2
080704Celina,M. fort,1:04:00,2,0,0,0,0,1
080704Celina,M. fort,2:12:00,1,0,0,0,0,1
080702Celina,M. fort,2:38:00,2,0,0,1,0,1
080702Celina,M. fort,1:43:00,2,0,0,0,0,1
080702Celina,M. fort,4:50:00,4,0,0,0,0,1
080705Celina,M. fort,1:26:00,4,1,0,0,0,3
080704Celina,M. fort,2:15:00,1,0,0,0,0,0
080708Celina,M. fort,2:41:00,2,0,0,0,0,0
080709Celina,M. fort,1:02:00,0,0,0,0,0,0
080709Celina,M. fort,1:00:00,1,0,0,0,0,1
080709Celina,M. fort,1:50:00,2,0,0,0,0,2
080709Celina,M. fort,1:24:00,2,0,0,0,0,1
080709Celina,M. fort,1:18:00,1,0,0,0,0,1
080709Celina,M. fort,2:59:00,3,1,0,0,0,2
080710Celina,M. fort,1:03:00,1,1,0,0,0,0
080710Celina,M. fort,2:44:00,2,1,0,0,0,0
080710Celina,M. fort,1:37:00,2,2,0,0,0,2
080710Celina,M. fort,1:22:00,2,0,0,0,0,1
080710Celina,M. fort,1:37:00,1,0,0,0,0,0
080710Celina,M. fort,1:58:00,4,0,0,0,0,1
080710Celina,M. fort,1:01:00,2,0,0,0,0,1
080710Celina,M. fort,1:00:00,1,0,0,0,0,1
080710Celina,M. fort,1:40:00,8,1,0,0,0,7
080710Celina,M. fort,1:56:00,2,0,1,0,0,1
080710Celina,M. fort,1:24:00,2,0,0,0,0,2
080711Celina,Phleg,2:30:00,2,0,0,0,0,2
080711Celina,Phleg,2:30:00,0,0,0,0,0,0
080711Celina,Phleg,1:30:00,2,0,0,0,0,2
080711Celina,Phleg,2:00:00,4,0,0,0,0,2
080711Celina,Phleg,2:30:00,2,0,0,0,0,2
080711Celina,Phleg,2:45:00,1,0,0,0,0,1
080715Celina,Phleg,1:59:00,1,0,0,0,0,1
080715Celina,Phleg,3:38:00,5,0,0,0,0,3
080715Celina,Phleg,1:22:00,8,0,0,0,0,7
080716Celina,Phleg,6:09:00,10,0,0,0,0,8
080716Celina,Phleg,1:03:00,2,0,0,0,0,2
